paper_id,title,author_ids,conference,year,source_url
ICML-2017-P0001,Uncovering Causality from Multivariate Hawkes Integrated Cumulants,ICML-2017-A000001|ICML-2017-A000002|ICML-2017-A000003|ICML-2017-A000004|ICML-2017-A000005,ICML,2017,https://proceedings.mlr.press/v70/achab17a.html
ICML-2017-P0002,A Unified Maximum Likelihood Approach for Estimating Symmetric Properties of Discrete Distributions,ICML-2017-A000006|ICML-2017-A000007|ICML-2017-A000008|ICML-2017-A000009,ICML,2017,https://proceedings.mlr.press/v70/acharya17a.html
ICML-2017-P0003,Constrained Policy Optimization,ICML-2017-A000010|ICML-2017-A000011|ICML-2017-A000012|ICML-2017-A000013,ICML,2017,https://proceedings.mlr.press/v70/achiam17a.html
ICML-2017-P0004,The Price of Differential Privacy for Online Learning,ICML-2017-A000014|ICML-2017-A000015,ICML,2017,https://proceedings.mlr.press/v70/agarwal17a.html
ICML-2017-P0005,Local Bayesian Optimization of Motor Skills,ICML-2017-A000016|ICML-2017-A000017|ICML-2017-A000018|ICML-2017-A000019,ICML,2017,https://proceedings.mlr.press/v70/akrour17a.html
ICML-2017-P0006,Connected Subgraph Detection with Mirror Descent on SDPs,ICML-2017-A000020|ICML-2017-A000021|ICML-2017-A000022,ICML,2017,https://proceedings.mlr.press/v70/aksoylar17a.html
ICML-2017-P0007,Learning from Clinical Judgments: Semi-Markov-Modulated Marked Hawkes Processes for Risk Prognosis,ICML-2017-A000023|ICML-2017-A000024|ICML-2017-A000025,ICML,2017,https://proceedings.mlr.press/v70/alaa17a.html
ICML-2017-P0008,"A Semismooth Newton Method for Fast, Generic Convex Programming",ICML-2017-A000026|ICML-2017-A000027|ICML-2017-A000028,ICML,2017,https://proceedings.mlr.press/v70/ali17a.html
ICML-2017-P0009,Learning Continuous Semantic Representations of Symbolic Expressions,ICML-2017-A000029|ICML-2017-A000030|ICML-2017-A000031|ICML-2017-A000032,ICML,2017,https://proceedings.mlr.press/v70/allamanis17a.html
ICML-2017-P0010,Natasha: Faster Non-Convex Stochastic Optimization via Strongly Non-Convex Parameter,ICML-2017-A000033,ICML,2017,https://proceedings.mlr.press/v70/allen-zhu17a.html
