track_label,track_url
No. 1: AAAI-24 Technical Tracks 1,https://ojs.aaai.org/index.php/AAAI/issue/view/576
No. 2: AAAI-24 Technical Tracks 2,https://ojs.aaai.org/index.php/AAAI/issue/view/577
No. 3: AAAI-24 Technical Tracks 3,https://ojs.aaai.org/index.php/AAAI/issue/view/578
No. 4: AAAI-24 Technical Tracks 4,https://ojs.aaai.org/index.php/AAAI/issue/view/579
No. 5: AAAI-24 Technical Tracks 5,https://ojs.aaai.org/index.php/AAAI/issue/view/580
No. 6: AAAI-24 Technical Tracks 6,https://ojs.aaai.org/index.php/AAAI/issue/view/581
No. 7: AAAI-24 Technical Tracks 7,https://ojs.aaai.org/index.php/AAAI/issue/view/582
No. 8: AAAI-24 Technical Tracks 8,https://ojs.aaai.org/index.php/AAAI/issue/view/583
No. 9: AAAI-24 Technical Tracks 9,https://ojs.aaai.org/index.php/AAAI/issue/view/584
No. 10: AAAI-24 Technical Tracks 10,https://ojs.aaai.org/index.php/AAAI/issue/view/585
No. 11: AAAI-24 Technical Tracks 11,https://ojs.aaai.org/index.php/AAAI/issue/view/586
No. 12: AAAI-24 Technical Tracks 12,https://ojs.aaai.org/index.php/AAAI/issue/view/587
No. 13: AAAI-24 Technical Tracks 13,https://ojs.aaai.org/index.php/AAAI/issue/view/588
No. 14: AAAI-24 Technical Tracks 14,https://ojs.aaai.org/index.php/AAAI/issue/view/589
No. 15: AAAI-24 Technical Tracks 15,https://ojs.aaai.org/index.php/AAAI/issue/view/590
No. 16: AAAI-24 Technical Tracks 16,https://ojs.aaai.org/index.php/AAAI/issue/view/591
No. 17: AAAI-24 Technical Tracks 17,https://ojs.aaai.org/index.php/AAAI/issue/view/592
No. 18: AAAI-24 Technical Tracks 18,https://ojs.aaai.org/index.php/AAAI/issue/view/593
"No. 19: AAAI-24 Special Track Safe, Robust and Responsible AI Track",https://ojs.aaai.org/index.php/AAAI/issue/view/594
"No. 20: AAAI-24 Special Track AI for Social Impact, Senior Member Presentations, New Faculty Highlights, Journal Track",https://ojs.aaai.org/index.php/AAAI/issue/view/595
