author_id,author_name,country,institution,conference,year,source_url,source_note
NEURIPS-2023-A000001,Michael Bereket,UNKNOWN,UNKNOWN,NeurIPS,2023,https://proceedings.neurips.cc/paper_files/paper/2023/hash/0001ca33ba34ce0351e4612b744b3936-Abstract-Conference.html,Parsed from NeurIPS proceedings/OpenReview listing; affiliation enrichment pending from PDF first pages
NEURIPS-2023-A000002,Theofanis Karaletsos,UNKNOWN,UNKNOWN,NeurIPS,2023,https://proceedings.neurips.cc/paper_files/paper/2023/hash/0001ca33ba34ce0351e4612b744b3936-Abstract-Conference.html,Parsed from NeurIPS proceedings/OpenReview listing; affiliation enrichment pending from PDF first pages
NEURIPS-2023-A000003,Lucy Xiaoyang Shi,UNKNOWN,UNKNOWN,NeurIPS,2023,https://proceedings.neurips.cc/paper_files/paper/2023/hash/001608167bb652337af5df0129aeaabd-Abstract-Conference.html,Parsed from NeurIPS proceedings/OpenReview listing; affiliation enrichment pending from PDF first pages
NEURIPS-2023-A000004,Yunfan Jiang,UNKNOWN,UNKNOWN,NeurIPS,2023,https://proceedings.neurips.cc/paper_files/paper/2023/hash/001608167bb652337af5df0129aeaabd-Abstract-Conference.html,Parsed from NeurIPS proceedings/OpenReview listing; affiliation enrichment pending from PDF first pages
NEURIPS-2023-A000005,Jake Grigsby,UNKNOWN,UNKNOWN,NeurIPS,2023,https://proceedings.neurips.cc/paper_files/paper/2023/hash/001608167bb652337af5df0129aeaabd-Abstract-Conference.html,Parsed from NeurIPS proceedings/OpenReview listing; affiliation enrichment pending from PDF first pages
NEURIPS-2023-A000006,Linxi Fan,UNKNOWN,UNKNOWN,NeurIPS,2023,https://proceedings.neurips.cc/paper_files/paper/2023/hash/001608167bb652337af5df0129aeaabd-Abstract-Conference.html,Parsed from NeurIPS proceedings/OpenReview listing; affiliation enrichment pending from PDF first pages
NEURIPS-2023-A000007,Yuke Zhu,UNKNOWN,UNKNOWN,NeurIPS,2023,https://proceedings.neurips.cc/paper_files/paper/2023/hash/001608167bb652337af5df0129aeaabd-Abstract-Conference.html,Parsed from NeurIPS proceedings/OpenReview listing; affiliation enrichment pending from PDF first pages
NEURIPS-2023-A000008,Xiang Li,UNKNOWN,UNKNOWN,NeurIPS,2023,https://proceedings.neurips.cc/paper_files/paper/2023/hash/0021c2cb1b9b6a71ac478ea52a93b25a-Abstract-Conference.html,Parsed from NeurIPS proceedings/OpenReview listing; affiliation enrichment pending from PDF first pages
NEURIPS-2023-A000009,Chung-Ching Lin,UNKNOWN,UNKNOWN,NeurIPS,2023,https://proceedings.neurips.cc/paper_files/paper/2023/hash/0021c2cb1b9b6a71ac478ea52a93b25a-Abstract-Conference.html,Parsed from NeurIPS proceedings/OpenReview listing; affiliation enrichment pending from PDF first pages
NEURIPS-2023-A000010,Yinpeng Chen,UNKNOWN,UNKNOWN,NeurIPS,2023,https://proceedings.neurips.cc/paper_files/paper/2023/hash/0021c2cb1b9b6a71ac478ea52a93b25a-Abstract-Conference.html,Parsed from NeurIPS proceedings/OpenReview listing; affiliation enrichment pending from PDF first pages
NEURIPS-2023-A000011,Zicheng Liu,UNKNOWN,UNKNOWN,NeurIPS,2023,https://proceedings.neurips.cc/paper_files/paper/2023/hash/0021c2cb1b9b6a71ac478ea52a93b25a-Abstract-Conference.html,Parsed from NeurIPS proceedings/OpenReview listing; affiliation enrichment pending from PDF first pages
NEURIPS-2023-A000012,Jinglu Wang,UNKNOWN,UNKNOWN,NeurIPS,2023,https://proceedings.neurips.cc/paper_files/paper/2023/hash/0021c2cb1b9b6a71ac478ea52a93b25a-Abstract-Conference.html,Parsed from NeurIPS proceedings/OpenReview listing; affiliation enrichment pending from PDF first pages
NEURIPS-2023-A000013,Rita Singh,UNKNOWN,UNKNOWN,NeurIPS,2023,https://proceedings.neurips.cc/paper_files/paper/2023/hash/0021c2cb1b9b6a71ac478ea52a93b25a-Abstract-Conference.html,Parsed from NeurIPS proceedings/OpenReview listing; affiliation enrichment pending from PDF first pages
NEURIPS-2023-A000014,Bhiksha Raj,UNKNOWN,UNKNOWN,NeurIPS,2023,https://proceedings.neurips.cc/paper_files/paper/2023/hash/0021c2cb1b9b6a71ac478ea52a93b25a-Abstract-Conference.html,Parsed from NeurIPS proceedings/OpenReview listing; affiliation enrichment pending from PDF first pages
NEURIPS-2023-A000015,Yiren Jian,UNKNOWN,UNKNOWN,NeurIPS,2023,https://proceedings.neurips.cc/paper_files/paper/2023/hash/002262941c9edfd472a79298b2ac5e17-Abstract-Conference.html,Parsed from NeurIPS proceedings/OpenReview listing; affiliation enrichment pending from PDF first pages
NEURIPS-2023-A000016,Chongyang Gao,UNKNOWN,UNKNOWN,NeurIPS,2023,https://proceedings.neurips.cc/paper_files/paper/2023/hash/002262941c9edfd472a79298b2ac5e17-Abstract-Conference.html,Parsed from NeurIPS proceedings/OpenReview listing; affiliation enrichment pending from PDF first pages
NEURIPS-2023-A000017,Soroush Vosoughi,UNKNOWN,UNKNOWN,NeurIPS,2023,https://proceedings.neurips.cc/paper_files/paper/2023/hash/002262941c9edfd472a79298b2ac5e17-Abstract-Conference.html,Parsed from NeurIPS proceedings/OpenReview listing; affiliation enrichment pending from PDF first pages
NEURIPS-2023-A000018,Yunzhang Zhu,UNKNOWN,UNKNOWN,NeurIPS,2023,https://proceedings.neurips.cc/paper_files/paper/2023/hash/00296c0e10cd24d415c2db63ea2a2c68-Abstract-Conference.html,Parsed from NeurIPS proceedings/OpenReview listing; affiliation enrichment pending from PDF first pages
NEURIPS-2023-A000019,Renxiong Liu,UNKNOWN,UNKNOWN,NeurIPS,2023,https://proceedings.neurips.cc/paper_files/paper/2023/hash/00296c0e10cd24d415c2db63ea2a2c68-Abstract-Conference.html,Parsed from NeurIPS proceedings/OpenReview listing; affiliation enrichment pending from PDF first pages
NEURIPS-2023-A000020,Yuhan Ding,UNKNOWN,UNKNOWN,NeurIPS,2023,https://proceedings.neurips.cc/paper_files/paper/2023/hash/0073cc73e1873b35345209b50a3dab66-Abstract-Conference.html,Parsed from NeurIPS proceedings/OpenReview listing; affiliation enrichment pending from PDF first pages
NEURIPS-2023-A000021,Fukun Yin,UNKNOWN,UNKNOWN,NeurIPS,2023,https://proceedings.neurips.cc/paper_files/paper/2023/hash/0073cc73e1873b35345209b50a3dab66-Abstract-Conference.html,Parsed from NeurIPS proceedings/OpenReview listing; affiliation enrichment pending from PDF first pages
NEURIPS-2023-A000022,Jiayuan Fan,UNKNOWN,UNKNOWN,NeurIPS,2023,https://proceedings.neurips.cc/paper_files/paper/2023/hash/0073cc73e1873b35345209b50a3dab66-Abstract-Conference.html,Parsed from NeurIPS proceedings/OpenReview listing; affiliation enrichment pending from PDF first pages
NEURIPS-2023-A000023,Hui Li,UNKNOWN,UNKNOWN,NeurIPS,2023,https://proceedings.neurips.cc/paper_files/paper/2023/hash/0073cc73e1873b35345209b50a3dab66-Abstract-Conference.html,Parsed from NeurIPS proceedings/OpenReview listing; affiliation enrichment pending from PDF first pages
NEURIPS-2023-A000024,Xin Chen,UNKNOWN,UNKNOWN,NeurIPS,2023,https://proceedings.neurips.cc/paper_files/paper/2023/hash/0073cc73e1873b35345209b50a3dab66-Abstract-Conference.html,Parsed from NeurIPS proceedings/OpenReview listing; affiliation enrichment pending from PDF first pages
NEURIPS-2023-A000025,Wen Liu,UNKNOWN,UNKNOWN,NeurIPS,2023,https://proceedings.neurips.cc/paper_files/paper/2023/hash/0073cc73e1873b35345209b50a3dab66-Abstract-Conference.html,Parsed from NeurIPS proceedings/OpenReview listing; affiliation enrichment pending from PDF first pages
NEURIPS-2023-A000026,Chongshan Lu,UNKNOWN,UNKNOWN,NeurIPS,2023,https://proceedings.neurips.cc/paper_files/paper/2023/hash/0073cc73e1873b35345209b50a3dab66-Abstract-Conference.html,Parsed from NeurIPS proceedings/OpenReview listing; affiliation enrichment pending from PDF first pages
NEURIPS-2023-A000027,Gang Yu,UNKNOWN,UNKNOWN,NeurIPS,2023,https://proceedings.neurips.cc/paper_files/paper/2023/hash/0073cc73e1873b35345209b50a3dab66-Abstract-Conference.html,Parsed from NeurIPS proceedings/OpenReview listing; affiliation enrichment pending from PDF first pages
NEURIPS-2023-A000028,Tao Chen,UNKNOWN,UNKNOWN,NeurIPS,2023,https://proceedings.neurips.cc/paper_files/paper/2023/hash/0073cc73e1873b35345209b50a3dab66-Abstract-Conference.html,Parsed from NeurIPS proceedings/OpenReview listing; affiliation enrichment pending from PDF first pages
NEURIPS-2023-A000029,Ruida Zhou,UNKNOWN,UNKNOWN,NeurIPS,2023,https://proceedings.neurips.cc/paper_files/paper/2023/hash/007f4927e60699392425f267d43f0940-Abstract-Conference.html,Parsed from NeurIPS proceedings/OpenReview listing; affiliation enrichment pending from PDF first pages
NEURIPS-2023-A000030,Tao Liu,UNKNOWN,UNKNOWN,NeurIPS,2023,https://proceedings.neurips.cc/paper_files/paper/2023/hash/007f4927e60699392425f267d43f0940-Abstract-Conference.html,Parsed from NeurIPS proceedings/OpenReview listing; affiliation enrichment pending from PDF first pages
NEURIPS-2023-A000031,Min Cheng,UNKNOWN,UNKNOWN,NeurIPS,2023,https://proceedings.neurips.cc/paper_files/paper/2023/hash/007f4927e60699392425f267d43f0940-Abstract-Conference.html,Parsed from NeurIPS proceedings/OpenReview listing; affiliation enrichment pending from PDF first pages
NEURIPS-2023-A000032,Dileep Kalathil,UNKNOWN,UNKNOWN,NeurIPS,2023,https://proceedings.neurips.cc/paper_files/paper/2023/hash/007f4927e60699392425f267d43f0940-Abstract-Conference.html,Parsed from NeurIPS proceedings/OpenReview listing; affiliation enrichment pending from PDF first pages
NEURIPS-2023-A000033,P. R. Kumar,UNKNOWN,UNKNOWN,NeurIPS,2023,https://proceedings.neurips.cc/paper_files/paper/2023/hash/007f4927e60699392425f267d43f0940-Abstract-Conference.html,Parsed from NeurIPS proceedings/OpenReview listing; affiliation enrichment pending from PDF first pages
NEURIPS-2023-A000034,Chao Tian,UNKNOWN,UNKNOWN,NeurIPS,2023,https://proceedings.neurips.cc/paper_files/paper/2023/hash/007f4927e60699392425f267d43f0940-Abstract-Conference.html,Parsed from NeurIPS proceedings/OpenReview listing; affiliation enrichment pending from PDF first pages
NEURIPS-2023-A000035,Rui M. Castro,UNKNOWN,UNKNOWN,NeurIPS,2023,https://proceedings.neurips.cc/paper_files/paper/2023/hash/00b67df24009747e8bbed4c2c6f9c825-Abstract-Conference.html,Parsed from NeurIPS proceedings/OpenReview listing; affiliation enrichment pending from PDF first pages
NEURIPS-2023-A000036,Fredrik Hellström,UNKNOWN,UNKNOWN,NeurIPS,2023,https://proceedings.neurips.cc/paper_files/paper/2023/hash/00b67df24009747e8bbed4c2c6f9c825-Abstract-Conference.html,Parsed from NeurIPS proceedings/OpenReview listing; affiliation enrichment pending from PDF first pages
NEURIPS-2023-A000037,Tim van Erven,UNKNOWN,UNKNOWN,NeurIPS,2023,https://proceedings.neurips.cc/paper_files/paper/2023/hash/00b67df24009747e8bbed4c2c6f9c825-Abstract-Conference.html,Parsed from NeurIPS proceedings/OpenReview listing; affiliation enrichment pending from PDF first pages
NEURIPS-2023-A000038,Mathias Lechner,UNKNOWN,UNKNOWN,NeurIPS,2023,https://proceedings.neurips.cc/paper_files/paper/2023/hash/00ba06ba5c324efdfb068865ca44cf0b-Abstract-Datasets_and_Benchmarks.html,Parsed from NeurIPS proceedings/OpenReview listing; affiliation enrichment pending from PDF first pages
NEURIPS-2023-A000039,lianhao yin,UNKNOWN,UNKNOWN,NeurIPS,2023,https://proceedings.neurips.cc/paper_files/paper/2023/hash/00ba06ba5c324efdfb068865ca44cf0b-Abstract-Datasets_and_Benchmarks.html,Parsed from NeurIPS proceedings/OpenReview listing; affiliation enrichment pending from PDF first pages
NEURIPS-2023-A000040,Tim Seyde,UNKNOWN,UNKNOWN,NeurIPS,2023,https://proceedings.neurips.cc/paper_files/paper/2023/hash/00ba06ba5c324efdfb068865ca44cf0b-Abstract-Datasets_and_Benchmarks.html,Parsed from NeurIPS proceedings/OpenReview listing; affiliation enrichment pending from PDF first pages
NEURIPS-2023-A000041,Tsun-Hsuan Johnson Wang,UNKNOWN,UNKNOWN,NeurIPS,2023,https://proceedings.neurips.cc/paper_files/paper/2023/hash/00ba06ba5c324efdfb068865ca44cf0b-Abstract-Datasets_and_Benchmarks.html,Parsed from NeurIPS proceedings/OpenReview listing; affiliation enrichment pending from PDF first pages
NEURIPS-2023-A000042,Wei Xiao,UNKNOWN,UNKNOWN,NeurIPS,2023,https://proceedings.neurips.cc/paper_files/paper/2023/hash/00ba06ba5c324efdfb068865ca44cf0b-Abstract-Datasets_and_Benchmarks.html,Parsed from NeurIPS proceedings/OpenReview listing; affiliation enrichment pending from PDF first pages
NEURIPS-2023-A000043,Ramin Hasani,UNKNOWN,UNKNOWN,NeurIPS,2023,https://proceedings.neurips.cc/paper_files/paper/2023/hash/00ba06ba5c324efdfb068865ca44cf0b-Abstract-Datasets_and_Benchmarks.html,Parsed from NeurIPS proceedings/OpenReview listing; affiliation enrichment pending from PDF first pages
NEURIPS-2023-A000044,Joshua Rountree,UNKNOWN,UNKNOWN,NeurIPS,2023,https://proceedings.neurips.cc/paper_files/paper/2023/hash/00ba06ba5c324efdfb068865ca44cf0b-Abstract-Datasets_and_Benchmarks.html,Parsed from NeurIPS proceedings/OpenReview listing; affiliation enrichment pending from PDF first pages
NEURIPS-2023-A000045,Daniela Rus,UNKNOWN,UNKNOWN,NeurIPS,2023,https://proceedings.neurips.cc/paper_files/paper/2023/hash/00ba06ba5c324efdfb068865ca44cf0b-Abstract-Datasets_and_Benchmarks.html,Parsed from NeurIPS proceedings/OpenReview listing; affiliation enrichment pending from PDF first pages
NEURIPS-2023-A000046,Xiaolei Ru,UNKNOWN,UNKNOWN,NeurIPS,2023,https://proceedings.neurips.cc/paper_files/paper/2023/hash/00bb4e415ef117f2dee2fc3b778d806d-Abstract-Conference.html,Parsed from NeurIPS proceedings/OpenReview listing; affiliation enrichment pending from PDF first pages
NEURIPS-2023-A000047,XINYA ZHANG,UNKNOWN,UNKNOWN,NeurIPS,2023,https://proceedings.neurips.cc/paper_files/paper/2023/hash/00bb4e415ef117f2dee2fc3b778d806d-Abstract-Conference.html,Parsed from NeurIPS proceedings/OpenReview listing; affiliation enrichment pending from PDF first pages
NEURIPS-2023-A000048,Zijia Liu,UNKNOWN,UNKNOWN,NeurIPS,2023,https://proceedings.neurips.cc/paper_files/paper/2023/hash/00bb4e415ef117f2dee2fc3b778d806d-Abstract-Conference.html,Parsed from NeurIPS proceedings/OpenReview listing; affiliation enrichment pending from PDF first pages
NEURIPS-2023-A000049,Jack Murdoch Moore,UNKNOWN,UNKNOWN,NeurIPS,2023,https://proceedings.neurips.cc/paper_files/paper/2023/hash/00bb4e415ef117f2dee2fc3b778d806d-Abstract-Conference.html,Parsed from NeurIPS proceedings/OpenReview listing; affiliation enrichment pending from PDF first pages
NEURIPS-2023-A000050,Gang Yan,UNKNOWN,UNKNOWN,NeurIPS,2023,https://proceedings.neurips.cc/paper_files/paper/2023/hash/00bb4e415ef117f2dee2fc3b778d806d-Abstract-Conference.html,Parsed from NeurIPS proceedings/OpenReview listing; affiliation enrichment pending from PDF first pages
