author_id,author_name,institution,country,conference,year
ICML-2015-A000001,Peilin Zhao,UNKNOWN,Singapore | China,ICML,2015
ICML-2015-A000002,Tong Zhang,UNKNOWN,United States | China,ICML,2015
ICML-2015-A000003,Nihar Shah,UNKNOWN,United States,ICML,2015
ICML-2015-A000004,Dengyong Zhou,UNKNOWN,United States,ICML,2015
ICML-2015-A000005,Yuval Peres,UNKNOWN,United States,ICML,2015
ICML-2015-A000006,Wacha Bounliphone,UNKNOWN,France,ICML,2015
ICML-2015-A000007,Arthur Gretton,UNKNOWN,United Kingdom,ICML,2015
ICML-2015-A000008,Arthur Tenenhaus,UNKNOWN,France,ICML,2015
ICML-2015-A000009,Matthew Blaschko,UNKNOWN,UNKNOWN,ICML,2015
ICML-2015-A000010,Lu Bai,UNKNOWN,China,ICML,2015
ICML-2015-A000011,Luca Rossi,UNKNOWN,United Kingdom,ICML,2015
ICML-2015-A000012,Zhihong Zhang,UNKNOWN,China,ICML,2015
ICML-2015-A000013,Edwin Hancock,UNKNOWN,United Kingdom,ICML,2015
ICML-2015-A000014,Christos Boutsidis,UNKNOWN,United States,ICML,2015
ICML-2015-A000015,Prabhanjan Kambadur,UNKNOWN,United States,ICML,2015
ICML-2015-A000016,Alex Gittens,UNKNOWN,United States,ICML,2015
ICML-2015-A000017,Ke Sun,UNKNOWN,Switzerland,ICML,2015
ICML-2015-A000018,Jun Wang,UNKNOWN,Switzerland,ICML,2015
ICML-2015-A000019,Alexandros Kalousis,UNKNOWN,Switzerland,ICML,2015
ICML-2015-A000020,Stephan Marchand-Maillet,UNKNOWN,Switzerland,ICML,2015
ICML-2015-A000021,Jean-Baptiste Tristan,UNKNOWN,United States,ICML,2015
ICML-2015-A000022,Joseph Tassarotti,UNKNOWN,United States,ICML,2015
ICML-2015-A000023,Guy Steele,UNKNOWN,United States,ICML,2015
ICML-2015-A000024,Peilin Zhao,UNKNOWN,Singapore | China,ICML,2015
ICML-2015-A000025,Jinwei Yang,UNKNOWN,United States,ICML,2015
ICML-2015-A000026,Tong Zhang,UNKNOWN,United States | China,ICML,2015
ICML-2015-A000027,Ping Li,UNKNOWN,United States,ICML,2015
ICML-2015-A000028,Alekh Agarwal,UNKNOWN,United States,ICML,2015
ICML-2015-A000029,Leon Bottou,UNKNOWN,UNKNOWN,ICML,2015
ICML-2015-A000030,Dani Yogatama,UNKNOWN,United States,ICML,2015
ICML-2015-A000031,Manaal Faruqui,UNKNOWN,United States,ICML,2015
ICML-2015-A000032,Chris Dyer,UNKNOWN,United States,ICML,2015
ICML-2015-A000033,Noah Smith,UNKNOWN,UNKNOWN,ICML,2015
ICML-2015-A000034,Mingsheng Long,UNKNOWN,China,ICML,2015
ICML-2015-A000035,Yue Cao,UNKNOWN,China,ICML,2015
ICML-2015-A000036,Jianmin Wang,UNKNOWN,China,ICML,2015
ICML-2015-A000037,Michael Jordan,UNKNOWN,United States,ICML,2015
ICML-2015-A000038,Takayuki Osogami,UNKNOWN,Japan,ICML,2015
ICML-2015-A000039,Han Zhao,UNKNOWN,Canada,ICML,2015
ICML-2015-A000040,Mazen Melibari,UNKNOWN,Canada,ICML,2015
ICML-2015-A000041,Pascal Poupart,UNKNOWN,Canada,ICML,2015
ICML-2015-A000042,Aditya Menon,UNKNOWN,Australia,ICML,2015
ICML-2015-A000043,Brendan Van Rooyen,UNKNOWN,Australia,ICML,2015
ICML-2015-A000044,Cheng Soon Ong,UNKNOWN,Australia,ICML,2015
ICML-2015-A000045,Bob Williamson,UNKNOWN,Australia,ICML,2015
ICML-2015-A000046,Tianbao Yang,UNKNOWN,United States,ICML,2015
ICML-2015-A000047,Lijun Zhang,UNKNOWN,China,ICML,2015
ICML-2015-A000048,Rong Jin,UNKNOWN,United States,ICML,2015
ICML-2015-A000049,Shenghuo Zhu,UNKNOWN,United States,ICML,2015
ICML-2015-A000050,Ohad Shamir,UNKNOWN,Israel,ICML,2015
ICML-2015-A000051,Doron Kukliansky,UNKNOWN,Israel,ICML,2015
ICML-2015-A000052,Ohad Shamir,UNKNOWN,Israel,ICML,2015
ICML-2015-A000053,Ethan Fetaya,UNKNOWN,Israel,ICML,2015
ICML-2015-A000054,Shimon Ullman,UNKNOWN,Israel,ICML,2015
ICML-2015-A000055,Zhuang Ma,UNKNOWN,United States,ICML,2015
ICML-2015-A000056,Yichao Lu,UNKNOWN,United States,ICML,2015
ICML-2015-A000057,Dean Foster,UNKNOWN,United States,ICML,2015
ICML-2015-A000058,Nan Jiang,UNKNOWN,United States,ICML,2015
ICML-2015-A000059,Alex Kulesza,UNKNOWN,United States,ICML,2015
ICML-2015-A000060,Satinder Singh,UNKNOWN,United States,ICML,2015
ICML-2015-A000061,Purushottam Kar,UNKNOWN,India,ICML,2015
ICML-2015-A000062,Harikrishna Narasimhan,UNKNOWN,India,ICML,2015
ICML-2015-A000063,Prateek Jain,UNKNOWN,India,ICML,2015
ICML-2015-A000064,Harikrishna Narasimhan,UNKNOWN,India,ICML,2015
ICML-2015-A000065,Purushottam Kar,UNKNOWN,India,ICML,2015
ICML-2015-A000066,Prateek Jain,UNKNOWN,India,ICML,2015
ICML-2015-A000067,Olivier Bachem,UNKNOWN,Switzerland,ICML,2015
ICML-2015-A000068,Mario Lucic,UNKNOWN,Switzerland,ICML,2015
ICML-2015-A000069,Andreas Krause,UNKNOWN,Switzerland,ICML,2015
ICML-2015-A000070,Pratik Gajane,UNKNOWN,France,ICML,2015
ICML-2015-A000071,Tanguy Urvoy,UNKNOWN,France,ICML,2015
ICML-2015-A000072,Fabrice Clérot,UNKNOWN,France,ICML,2015
ICML-2015-A000073,Mohammad Taha Bahadori,UNKNOWN,United States,ICML,2015
ICML-2015-A000074,David Kale,UNKNOWN,United States,ICML,2015
ICML-2015-A000075,Yingying Fan,UNKNOWN,United States,ICML,2015
ICML-2015-A000076,Yan Liu,UNKNOWN,United States,ICML,2015
ICML-2015-A000077,Rose Yu,UNKNOWN,United States,ICML,2015
ICML-2015-A000078,Dehua Cheng,UNKNOWN,United States,ICML,2015
ICML-2015-A000079,Yan Liu,UNKNOWN,United States,ICML,2015
ICML-2015-A000080,Sean Jewell,UNKNOWN,Canada,ICML,2015
ICML-2015-A000081,Neil Spencer,UNKNOWN,Canada,ICML,2015
ICML-2015-A000082,Alexandre Bouchard-Côté,UNKNOWN,Canada,ICML,2015
ICML-2015-A000083,Elad Hazan,UNKNOWN,United States | Israel,ICML,2015
ICML-2015-A000084,Roi Livni,UNKNOWN,Israel,ICML,2015
ICML-2015-A000085,Yishay Mansour,UNKNOWN,Israel,ICML,2015
ICML-2015-A000086,Oran Richman,UNKNOWN,Israel,ICML,2015
ICML-2015-A000087,Shie Mannor,UNKNOWN,Israel,ICML,2015
ICML-2015-A000088,Pinghua Gong,UNKNOWN,United States,ICML,2015
ICML-2015-A000089,Jieping Ye,UNKNOWN,United States,ICML,2015
ICML-2015-A000090,Naji Shajarisales,UNKNOWN,Germany,ICML,2015
ICML-2015-A000091,Dominik Janzing,UNKNOWN,Germany,ICML,2015
ICML-2015-A000092,Bernhard Schoelkopf,UNKNOWN,Germany,ICML,2015
ICML-2015-A000093,Michel Besserve,"MPI for Intelligent Systems, Tuebingen, Germany MPI for Biological Cybernetics , Tuebingen, Germany",Germany,ICML,2015
ICML-2015-A000094,Kirthevasan Kandasamy,UNKNOWN,United States,ICML,2015
ICML-2015-A000095,Jeff Schneider,UNKNOWN,United States,ICML,2015
ICML-2015-A000096,Barnabas Poczos,UNKNOWN,United States,ICML,2015
ICML-2015-A000097,Tianbao Yang,UNKNOWN,United States,ICML,2015
ICML-2015-A000098,Lijun Zhang,UNKNOWN,China,ICML,2015
ICML-2015-A000099,Rong Jin,UNKNOWN,United States,ICML,2015
ICML-2015-A000100,Shenghuo Zhu,UNKNOWN,United States,ICML,2015
ICML-2015-A000101,Ambuj Tewari,UNKNOWN,United States,ICML,2015
ICML-2015-A000102,Sougata Chaudhuri,UNKNOWN,United States,ICML,2015
ICML-2015-A000103,Toby Hocking,UNKNOWN,Canada,ICML,2015
ICML-2015-A000104,Guillem Rigaill,UNKNOWN,France,ICML,2015
ICML-2015-A000105,Guillaume Bourque,UNKNOWN,Canada,ICML,2015
ICML-2015-A000106,Olivier Fercoq,UNKNOWN,France,ICML,2015
ICML-2015-A000107,Alexandre Gramfort,UNKNOWN,France,ICML,2015
ICML-2015-A000108,Joseph Salmon,UNKNOWN,France,ICML,2015
ICML-2015-A000109,Robert Nishihara,UNKNOWN,United States,ICML,2015
ICML-2015-A000110,Laurent Lessard,UNKNOWN,United States,ICML,2015
ICML-2015-A000111,Ben Recht,UNKNOWN,United States,ICML,2015
ICML-2015-A000112,Andrew Packard,UNKNOWN,United States,ICML,2015
ICML-2015-A000113,Michael Jordan,UNKNOWN,United States,ICML,2015
ICML-2015-A000114,Yuchen Zhang,UNKNOWN,United States,ICML,2015
ICML-2015-A000115,Xiao Lin,UNKNOWN,United States,ICML,2015
ICML-2015-A000116,Yuchen Zhang,UNKNOWN,United States,ICML,2015
ICML-2015-A000117,Xiao Lin,UNKNOWN,United States,ICML,2015
ICML-2015-A000118,Yuxin Chen,UNKNOWN,United States,ICML,2015
ICML-2015-A000119,Changho Suh,UNKNOWN,South Korea,ICML,2015
ICML-2015-A000120,Stephen Bach,UNKNOWN,United States,ICML,2015
ICML-2015-A000121,Bert Huang,UNKNOWN,United States,ICML,2015
ICML-2015-A000122,Jordan Boyd-Graber,UNKNOWN,United States,ICML,2015
ICML-2015-A000123,Lise Getoor,UNKNOWN,United States,ICML,2015
ICML-2015-A000124,Corinna Cortes,UNKNOWN,United States,ICML,2015
ICML-2015-A000125,Vitaly Kuznetsov,UNKNOWN,United States,ICML,2015
ICML-2015-A000126,Mehryar Mohri,UNKNOWN,United States,ICML,2015
ICML-2015-A000127,Umar Syed,UNKNOWN,United States,ICML,2015
ICML-2015-A000128,Debarghya Ghoshdastidar,UNKNOWN,India,ICML,2015
ICML-2015-A000129,Ambedkar Dukkipati,UNKNOWN,India,ICML,2015
ICML-2015-A000130,Ben London,"University of Maryland, College Park, MD USA",United States,ICML,2015
ICML-2015-A000131,Bert Huang,"Virginia Tech, Blacksburg, VA USA",United States,ICML,2015
ICML-2015-A000132,Lise Getoor,"University of California, Santa Cruz, CA USA",United States,ICML,2015
ICML-2015-A000133,Bo Xin,UNKNOWN,China,ICML,2015
ICML-2015-A000134,David Wipf,UNKNOWN,China,ICML,2015
ICML-2015-A000135,Takanori Maehara,UNKNOWN,Japan,ICML,2015
ICML-2015-A000136,Akihiro Yabe,UNKNOWN,Japan,ICML,2015
ICML-2015-A000137,Ken-ichi Kawarabayashi,UNKNOWN,Japan,ICML,2015
ICML-2015-A000138,Katharina Blechschmidt,UNKNOWN,Germany,ICML,2015
ICML-2015-A000139,Joachim Giesen,UNKNOWN,Germany,ICML,2015
ICML-2015-A000140,Soeren Laue,UNKNOWN,Germany,ICML,2015
ICML-2015-A000141,Sergey Ioffe,UNKNOWN,United States,ICML,2015
ICML-2015-A000142,Christian Szegedy,UNKNOWN,United States,ICML,2015
ICML-2015-A000143,Yuchen Zhang,UNKNOWN,United States,ICML,2015
ICML-2015-A000144,Martin Wainwright,UNKNOWN,United States,ICML,2015
ICML-2015-A000145,Michael Jordan,UNKNOWN,United States,ICML,2015
ICML-2015-A000146,Dawen Liang,UNKNOWN,United States,ICML,2015
ICML-2015-A000147,John Paisley,UNKNOWN,United States,ICML,2015
ICML-2015-A000148,Aonan Zhang,UNKNOWN,United States,ICML,2015
ICML-2015-A000149,John Paisley,UNKNOWN,United States,ICML,2015
ICML-2015-A000150,Wenzhuo Yang,UNKNOWN,Singapore,ICML,2015
ICML-2015-A000151,Huan Xu,UNKNOWN,Singapore,ICML,2015
ICML-2015-A000152,Wenzhuo Yang,UNKNOWN,Singapore,ICML,2015
ICML-2015-A000153,Huan Xu,UNKNOWN,Singapore,ICML,2015
ICML-2015-A000154,Wenzhuo Yang,UNKNOWN,Singapore,ICML,2015
ICML-2015-A000155,Huan Xu,UNKNOWN,Singapore,ICML,2015
ICML-2015-A000156,Senjian An,UNKNOWN,Australia,ICML,2015
ICML-2015-A000157,Farid Boussaid,UNKNOWN,Australia,ICML,2015
ICML-2015-A000158,Mohammed Bennamoun,UNKNOWN,Australia,ICML,2015
ICML-2015-A000159,K. Lakshmanan,UNKNOWN,AUSTRIA,ICML,2015
ICML-2015-A000160,Ronald Ortner,UNKNOWN,AUSTRIA,ICML,2015
ICML-2015-A000161,Daniil Ryabko,UNKNOWN,FRANCE,ICML,2015
ICML-2015-A000162,Michael Betancourt,UNKNOWN,United Kingdom,ICML,2015
ICML-2015-A000163,Dan Garber,UNKNOWN,Israel,ICML,2015
ICML-2015-A000164,Elad Hazan,UNKNOWN,United States,ICML,2015
ICML-2015-A000165,Mrinal Das,"Department of Computer Science and Automation, Indian Institute of Science, Bangalore, India",India,ICML,2015
ICML-2015-A000166,Trapit Bansal,"Department of Computer Science and Automation, Indian Institute of Science, Bangalore, India",India,ICML,2015
ICML-2015-A000167,Chiranjib Bhattacharyya,"Department of Computer Science and Automation, Indian Institute of Science, Bangalore, India",India,ICML,2015
ICML-2015-A000168,Dan Garber,UNKNOWN,Israel,ICML,2015
ICML-2015-A000169,Elad Hazan,UNKNOWN,United States,ICML,2015
ICML-2015-A000170,Tengyu Ma,UNKNOWN,United States,ICML,2015
ICML-2015-A000171,Trong Nghia Hoang,UNKNOWN,Republic of Singapore,ICML,2015
ICML-2015-A000172,Quang Minh Hoang,UNKNOWN,Republic of Singapore,ICML,2015
ICML-2015-A000173,Bryan Kian Hsiang Low,UNKNOWN,Republic of Singapore,ICML,2015
ICML-2015-A000174,Yufei Ding,UNKNOWN,United States,ICML,2015
ICML-2015-A000175,Yue Zhao,UNKNOWN,United States,ICML,2015
ICML-2015-A000176,Xipeng Shen,UNKNOWN,United States,ICML,2015
ICML-2015-A000177,Madanlal Musuvathi,UNKNOWN,United States,ICML,2015
ICML-2015-A000178,Todd Mytkowicz,UNKNOWN,United States,ICML,2015
ICML-2015-A000179,Seppo Virtanen,presents significant methodological research challenges necessitating the development of proper statistical models and,United Kingdom,ICML,2015
ICML-2015-A000180,Mark Girolami,presents significant methodological research challenges necessitating the development of proper statistical models and,United Kingdom,ICML,2015
ICML-2015-A000181,Seunghoon Hong,UNKNOWN,South Korea,ICML,2015
ICML-2015-A000182,Tackgeun You,UNKNOWN,South Korea,ICML,2015
ICML-2015-A000183,Suha Kwak,UNKNOWN,France,ICML,2015
ICML-2015-A000184,Bohyung Han,UNKNOWN,South Korea,ICML,2015
ICML-2015-A000185,Seth Flaxman,UNKNOWN,UNKNOWN,ICML,2015
ICML-2015-A000186,Andrew Wilson,UNKNOWN,UNKNOWN,ICML,2015
ICML-2015-A000187,Daniel Neill,UNKNOWN,UNKNOWN,ICML,2015
ICML-2015-A000188,Hannes Nickisch,UNKNOWN,Germany,ICML,2015
ICML-2015-A000189,Alex Smola,UNKNOWN,UNKNOWN,ICML,2015
ICML-2015-A000190,Garvesh Raskutti,UNKNOWN,United States,ICML,2015
ICML-2015-A000191,Michael Mahoney,UNKNOWN,United States,ICML,2015
ICML-2015-A000192,Nathaniel Korda,UNKNOWN,United Kingdom,ICML,2015
ICML-2015-A000193,Prashanth La,UNKNOWN,France,ICML,2015
ICML-2015-A000194,Roi Weiss,UNKNOWN,Israel,ICML,2015
ICML-2015-A000195,Boaz Nadler,UNKNOWN,Israel,ICML,2015
ICML-2015-A000196,Yarin Gal,UNKNOWN,United Kingdom,ICML,2015
ICML-2015-A000197,Yutian Chen,UNKNOWN,United Kingdom,ICML,2015
ICML-2015-A000198,Zoubin Ghahramani,UNKNOWN,United Kingdom,ICML,2015
ICML-2015-A000199,Yarin Gal,UNKNOWN,United Kingdom,ICML,2015
ICML-2015-A000200,Richard Turner,UNKNOWN,United Kingdom,ICML,2015
ICML-2015-A000201,Arun Rajkumar,UNKNOWN,UNKNOWN,ICML,2015
ICML-2015-A000202,Suprovat Ghoshal,Indian Institute of Science,India,ICML,2015
ICML-2015-A000203,Lek-Heng Lim,University of Chicago,United States,ICML,2015
ICML-2015-A000204,Shivani Agarwal,UNKNOWN,India,ICML,2015
ICML-2015-A000205,Dominik Csiba,UNKNOWN,United Kingdom,ICML,2015
ICML-2015-A000206,Zheng Qu,UNKNOWN,United Kingdom,ICML,2015
ICML-2015-A000207,Peter Richtarik,UNKNOWN,United Kingdom,ICML,2015
ICML-2015-A000208,Wesley Tansey,UNKNOWN,United States,ICML,2015
ICML-2015-A000209,Oscar Hernan Madrid Padilla,UNKNOWN,United States,ICML,2015
ICML-2015-A000210,Arun Sai Suggala,UNKNOWN,United States,ICML,2015
ICML-2015-A000211,Pradeep Ravikumar,UNKNOWN,United States,ICML,2015
ICML-2015-A000212,Jonathan Huggins,UNKNOWN,UNKNOWN,ICML,2015
ICML-2015-A000213,Karthik Narasimhan,UNKNOWN,United States,ICML,2015
ICML-2015-A000214,Ardavan Saeedi,UNKNOWN,United States,ICML,2015
ICML-2015-A000215,Vikash Mansinghka,UNKNOWN,UNKNOWN,ICML,2015
ICML-2015-A000216,Shashanka Ubaru,UNKNOWN,United States,ICML,2015
ICML-2015-A000217,Arya Mazumdar,UNKNOWN,United States,ICML,2015
ICML-2015-A000218,Yousef Saad,UNKNOWN,United States,ICML,2015
ICML-2015-A000219,Assaf Hallak,UNKNOWN,UNKNOWN,ICML,2015
ICML-2015-A000220,Francois Schnitzler,UNKNOWN,UNKNOWN,ICML,2015
ICML-2015-A000221,Timothy Mann,UNKNOWN,UNKNOWN,ICML,2015
ICML-2015-A000222,Shie Mannor,"Technion, Haifa, Israel",Israel,ICML,2015
ICML-2015-A000223,Zhiwu Huang,UNKNOWN,China,ICML,2015
ICML-2015-A000224,Ruiping Wang,UNKNOWN,China,ICML,2015
ICML-2015-A000225,Shiguang Shan,UNKNOWN,China,ICML,2015
ICML-2015-A000226,Xianqiu Li,UNKNOWN,China,ICML,2015
ICML-2015-A000227,Xilin Chen,UNKNOWN,China,ICML,2015
ICML-2015-A000228,Melih Kandemir,UNKNOWN,Germany,ICML,2015
ICML-2015-A000229,Rongda Zhu,UNKNOWN,United States,ICML,2015
ICML-2015-A000230,Quanquan Gu,UNKNOWN,United States,ICML,2015
ICML-2015-A000231,Stephan Gouws,UNKNOWN,United States,ICML,2015
ICML-2015-A000232,Yoshua Bengio,UNKNOWN,Canada,ICML,2015
ICML-2015-A000233,Greg Corrado,UNKNOWN,United States,ICML,2015
ICML-2015-A000234,Jiangwen Sun,UNKNOWN,United States,ICML,2015
ICML-2015-A000235,Jin Lu,UNKNOWN,United States,ICML,2015
ICML-2015-A000236,Tingyang Xu,UNKNOWN,United States,ICML,2015
ICML-2015-A000237,Jinbo Bi,UNKNOWN,United States,ICML,2015
ICML-2015-A000238,Branislav Kveton,UNKNOWN,United States,ICML,2015
ICML-2015-A000239,Csaba Szepesvari,UNKNOWN,Canada,ICML,2015
ICML-2015-A000240,Zheng Wen,UNKNOWN,United States,ICML,2015
ICML-2015-A000241,Azin Ashkan,UNKNOWN,United States,ICML,2015
ICML-2015-A000242,James Foulds,UNKNOWN,United States,ICML,2015
ICML-2015-A000243,Shachi Kumar,UNKNOWN,United States,ICML,2015
ICML-2015-A000244,Lise Getoor,UNKNOWN,United States,ICML,2015
ICML-2015-A000245,Alina Ene,UNKNOWN,United Kingdom,ICML,2015
ICML-2015-A000246,Huy Nguyen,UNKNOWN,United States,ICML,2015
ICML-2015-A000247,Karthik Narayan,UNKNOWN,United States,ICML,2015
ICML-2015-A000248,Ali Punjani,UNKNOWN,Canada,ICML,2015
ICML-2015-A000249,Pieter Abbeel,UNKNOWN,United States,ICML,2015
ICML-2015-A000250,Johannes Heinrich,"substantial discussion and research on how Nash equilibria could be realized in practice (Brown, ; Fudenberg, ; Hofbauer & Sandholm, ; Leslie & Collins",United Kingdom,ICML,2015
ICML-2015-A000251,Marc Lanctot,"substantial discussion and research on how Nash equilibria could be realized in practice (Brown, ; Fudenberg, ; Hofbauer & Sandholm, ; Leslie & Collins",United Kingdom,ICML,2015
ICML-2015-A000252,David Silver,"substantial discussion and research on how Nash equilibria could be realized in practice (Brown, ; Fudenberg, ; Hofbauer & Sandholm, ; Leslie & Collins",United Kingdom,ICML,2015
ICML-2015-A000253,Adith Swaminathan,UNKNOWN,United States,ICML,2015
ICML-2015-A000254,Thorsten Joachims,UNKNOWN,United States,ICML,2015
ICML-2015-A000255,Walid Krichene,UNKNOWN,United States,ICML,2015
ICML-2015-A000256,Maximilian Balandat,UNKNOWN,United States,ICML,2015
ICML-2015-A000257,Claire Tomlin,UNKNOWN,United States,ICML,2015
ICML-2015-A000258,Alexandre Bayen,UNKNOWN,United States,ICML,2015
ICML-2015-A000259,David Belanger,UNKNOWN,United States,ICML,2015
ICML-2015-A000260,Sham Kakade,UNKNOWN,United States,ICML,2015
ICML-2015-A000261,Nitish Srivastava,UNKNOWN,Canada,ICML,2015
ICML-2015-A000262,Elman Mansimov,UNKNOWN,Canada,ICML,2015
ICML-2015-A000263,Ruslan Salakhudinov,UNKNOWN,Canada,ICML,2015
ICML-2015-A000264,Tao Sun,UNKNOWN,UNKNOWN,ICML,2015
ICML-2015-A000265,Dan Sheldon,UNKNOWN,United States,ICML,2015
ICML-2015-A000266,Akshat Kumar,UNKNOWN,Singapore,ICML,2015
ICML-2015-A000267,Yining Wang,UNKNOWN,United States,ICML,2015
ICML-2015-A000268,Jun Zhu,UNKNOWN,China,ICML,2015
ICML-2015-A000269,Xinran He,UNKNOWN,United States,ICML,2015
ICML-2015-A000270,Theodoros Rekatsinas,UNKNOWN,United States,ICML,2015
ICML-2015-A000271,James Foulds,UNKNOWN,United States,ICML,2015
ICML-2015-A000272,Lise Getoor,UNKNOWN,United States,ICML,2015
ICML-2015-A000273,Yan Liu,UNKNOWN,United States,ICML,2015
ICML-2015-A000274,Mathieu Germain,"Université de Sherbrooke, Canada",Canada,ICML,2015
ICML-2015-A000275,Karol Gregor,Google DeepMind,United Kingdom,ICML,2015
ICML-2015-A000276,Iain Murray,UNKNOWN,United Kingdom,ICML,2015
ICML-2015-A000277,Hugo Larochelle,UNKNOWN,Canada,ICML,2015
ICML-2015-A000278,Yuanbin Wu,UNKNOWN,China,ICML,2015
ICML-2015-A000279,Shiliang Sun,UNKNOWN,China,ICML,2015
ICML-2015-A000280,Georgios Papachristoudis,UNKNOWN,United States,ICML,2015
ICML-2015-A000281,John Fisher,UNKNOWN,United States,ICML,2015
ICML-2015-A000282,Insu Han,UNKNOWN,South Korea,ICML,2015
ICML-2015-A000283,Dmitry Malioutov,UNKNOWN,United States,ICML,2015
ICML-2015-A000284,Jinwoo Shin,UNKNOWN,South Korea,ICML,2015
ICML-2015-A000285,Matt Kusner,UNKNOWN,United States,ICML,2015
ICML-2015-A000286,Jacob Gardner,UNKNOWN,United States,ICML,2015
ICML-2015-A000287,Roman Garnett,UNKNOWN,United States,ICML,2015
ICML-2015-A000288,Kilian Weinberger,UNKNOWN,United States,ICML,2015
ICML-2015-A000289,Chinmay Hegde,UNKNOWN,United States,ICML,2015
ICML-2015-A000290,Piotr Indyk,UNKNOWN,United States,ICML,2015
ICML-2015-A000291,Ludwig Schmidt,UNKNOWN,United States,ICML,2015
ICML-2015-A000292,Luo Luo,UNKNOWN,China,ICML,2015
ICML-2015-A000293,Yubo Xie,UNKNOWN,China,ICML,2015
ICML-2015-A000294,Zhihua Zhang,UNKNOWN,China,ICML,2015
ICML-2015-A000295,Wu-Jun Li,UNKNOWN,China,ICML,2015
ICML-2015-A000296,Richard Nock,UNKNOWN,Australia,ICML,2015
ICML-2015-A000297,Giorgio Patrini,UNKNOWN,Australia,ICML,2015
ICML-2015-A000298,Arik Friedman,UNKNOWN,Australia,ICML,2015
ICML-2015-A000299,Matt Kusner,UNKNOWN,United States,ICML,2015
ICML-2015-A000300,Yu Sun,UNKNOWN,United States,ICML,2015
ICML-2015-A000301,Nicholas Kolkin,UNKNOWN,United States,ICML,2015
ICML-2015-A000302,Kilian Weinberger,UNKNOWN,United States,ICML,2015
ICML-2015-A000303,Taddy Matthew,UNKNOWN,UNKNOWN,ICML,2015
ICML-2015-A000304,Chun-Sheng Chen,UNKNOWN,United States,ICML,2015
ICML-2015-A000305,Jun Yu,UNKNOWN,United States,ICML,2015
ICML-2015-A000306,Mitch Wyle,UNKNOWN,United States,ICML,2015
ICML-2015-A000307,Jean Pouget-Abadie,UNKNOWN,United States,ICML,2015
ICML-2015-A000308,Thibaut Horel,UNKNOWN,United States,ICML,2015
ICML-2015-A000309,Ching-Pei Lee,UNKNOWN,UNKNOWN,ICML,2015
ICML-2015-A000310,Dan Roth,UNKNOWN,United States,ICML,2015
ICML-2015-A000311,Yanan Sui,UNKNOWN,United States,ICML,2015
ICML-2015-A000312,Alkis Gotovos,UNKNOWN,Switzerland,ICML,2015
ICML-2015-A000313,Joel Burdick,UNKNOWN,United States,ICML,2015
ICML-2015-A000314,Andreas Krause,UNKNOWN,Switzerland,ICML,2015
ICML-2015-A000315,Avrim Blum,UNKNOWN,United States,ICML,2015
ICML-2015-A000316,Moritz Hardt,UNKNOWN,UNKNOWN,ICML,2015
ICML-2015-A000317,Maurizio Filippone,UNKNOWN,United Kingdom,ICML,2015
ICML-2015-A000318,Raphael Engler,UNKNOWN,United Kingdom,ICML,2015
ICML-2015-A000319,Roman Garnett,UNKNOWN,United States,ICML,2015
ICML-2015-A000320,Shirley Ho,UNKNOWN,United States,ICML,2015
ICML-2015-A000321,Jeff Schneider,UNKNOWN,United States,ICML,2015
ICML-2015-A000322,Alon Cohen,UNKNOWN,Israel,ICML,2015
ICML-2015-A000323,Tamir Hazan,UNKNOWN,Israel,ICML,2015
ICML-2015-A000324,Jacob Steinhardt,UNKNOWN,United States,ICML,2015
ICML-2015-A000325,Percy Liang,UNKNOWN,United States,ICML,2015
ICML-2015-A000326,Yasin Abbasi-Yadkori,UNKNOWN,Australia | United States,ICML,2015
ICML-2015-A000327,Peter Bartlett,UNKNOWN,Australia | United States,ICML,2015
ICML-2015-A000328,Xi Chen,UNKNOWN,United States,ICML,2015
ICML-2015-A000329,Alan Malek,UNKNOWN,United States,ICML,2015
ICML-2015-A000330,Jacob Steinhardt,UNKNOWN,United States,ICML,2015
ICML-2015-A000331,Percy Liang,UNKNOWN,United States,ICML,2015
ICML-2015-A000332,Daniel Hernandez-Lobato,UNKNOWN,Spain,ICML,2015
ICML-2015-A000333,Jose Miguel Hernandez-Lobato,UNKNOWN,United States,ICML,2015
ICML-2015-A000334,Zoubin Ghahramani,UNKNOWN,United Kingdom,ICML,2015
ICML-2015-A000335,Weiran Wang,UNKNOWN,United States,ICML,2015
ICML-2015-A000336,Raman Arora,UNKNOWN,United States,ICML,2015
ICML-2015-A000337,Karen Livescu,UNKNOWN,United States,ICML,2015
ICML-2015-A000338,Jeff Bilmes,UNKNOWN,United States,ICML,2015
ICML-2015-A000339,Chris Piech,UNKNOWN,United States,ICML,2015
ICML-2015-A000340,Jonathan Huang,UNKNOWN,United States,ICML,2015
ICML-2015-A000341,Andy Nguyen,UNKNOWN,United States,ICML,2015
ICML-2015-A000342,Mike Phulsuksombati,UNKNOWN,United States,ICML,2015
ICML-2015-A000343,Mehran Sahami,UNKNOWN,United States,ICML,2015
ICML-2015-A000344,Leonidas Guibas,UNKNOWN,United States,ICML,2015
ICML-2015-A000345,Qiang Zhou,UNKNOWN,Singapore,ICML,2015
ICML-2015-A000346,Qi Zhao,UNKNOWN,Singapore,ICML,2015
ICML-2015-A000347,Zheng Wen,"Yahoo Labs, Sunnyvale, CA",United States,ICML,2015
ICML-2015-A000348,Branislav Kveton,"Adobe Research, San Jose, CA",United States,ICML,2015
ICML-2015-A000349,Azin Ashkan,"Technicolor Research, Los Altos, CA",United States,ICML,2015
ICML-2015-A000350,Andre Manoel,UNKNOWN,Brazil,ICML,2015
ICML-2015-A000351,Florent Krzakala,UNKNOWN,France,ICML,2015
ICML-2015-A000352,Eric Tramel,UNKNOWN,France,ICML,2015
ICML-2015-A000353,Lenka Zdeborovà,UNKNOWN,France,ICML,2015
ICML-2015-A000354,Alexandra Carpentier,UNKNOWN,United Kingdom,ICML,2015
ICML-2015-A000355,Michal Valko,UNKNOWN,France,ICML,2015
ICML-2015-A000356,Wei-Lun Chao,UNKNOWN,United States,ICML,2015
ICML-2015-A000357,Justin Solomon,UNKNOWN,United States,ICML,2015
ICML-2015-A000358,Dominik Michels,UNKNOWN,United States,ICML,2015
ICML-2015-A000359,Fei Sha,UNKNOWN,United States,ICML,2015
ICML-2015-A000360,Junpei Komiyama,UNKNOWN,Japan,ICML,2015
ICML-2015-A000361,Junya Honda,UNKNOWN,Japan,ICML,2015
ICML-2015-A000362,Hiroshi Nakagawa,UNKNOWN,Japan,ICML,2015
ICML-2015-A000363,Mike Izbicki,UNKNOWN,United States,ICML,2015
ICML-2015-A000364,Christian Shelton,UNKNOWN,United States,ICML,2015
ICML-2015-A000365,Tyler Johnson,UNKNOWN,UNKNOWN,ICML,2015
ICML-2015-A000366,Carlos Guestrin,UNKNOWN,United States,ICML,2015
ICML-2015-A000367,Yaroslav Ganin,UNKNOWN,Russia,ICML,2015
ICML-2015-A000368,Victor Lempitsky,UNKNOWN,Russia,ICML,2015
ICML-2015-A000369,Yan-Fu Liu,UNKNOWN,Taiwan,ICML,2015
ICML-2015-A000370,Cheng-Yu Hsu,UNKNOWN,Taiwan,ICML,2015
ICML-2015-A000371,Shan-Hung Wu,UNKNOWN,Taiwan,ICML,2015
ICML-2015-A000372,Hyunwoo Kim,UNKNOWN,United States,ICML,2015
ICML-2015-A000373,Jia Xu,UNKNOWN,United States,ICML,2015
ICML-2015-A000374,Baba Vemuri,UNKNOWN,United States,ICML,2015
ICML-2015-A000375,Vikas Singh,"University of Wisconsin-Madison, Madison, WI , USA University of Florida, Gainesville, FL , USA",United States,ICML,2015
ICML-2015-A000376,Yu Wang,"Computer Laboratory, University of Cambridge, Cambridge, UK",United Kingdom,ICML,2015
ICML-2015-A000377,David Wipf,"Microsoft Research, Beijing, China ♯ University of Science and Technology of China, Hefei, Anhui, China",China,ICML,2015
ICML-2015-A000378,Qing Ling,UNKNOWN,UNKNOWN,ICML,2015
ICML-2015-A000379,Wei Chen,"Computer Laboratory, University of Cambridge, Cambridge, UK",United Kingdom,ICML,2015
ICML-2015-A000380,Ian Wassell,"Computer Laboratory, University of Cambridge, Cambridge, UK",United Kingdom,ICML,2015
ICML-2015-A000381,Tim Salimans,UNKNOWN,Netherlands,ICML,2015
ICML-2015-A000382,Diederik Kingma,UNKNOWN,Netherlands,ICML,2015
ICML-2015-A000383,Max Welling,UNKNOWN,Netherlands,ICML,2015
ICML-2015-A000384,Chunchen Liu,UNKNOWN,UNKNOWN,ICML,2015
ICML-2015-A000385,Lu Feng,NEC Laboratories China,China,ICML,2015
ICML-2015-A000386,Ryohei Fujimaki,UNKNOWN,UNKNOWN,ICML,2015
ICML-2015-A000387,Yusuke Muraoka,NEC Knowledge Discovery Research Laboratories,Japan,ICML,2015
ICML-2015-A000388,Rafael Barbosa,UNKNOWN,United Kingdom,ICML,2015
ICML-2015-A000389,Alina Ene,UNKNOWN,United Kingdom,ICML,2015
ICML-2015-A000390,Huy Nguyen,UNKNOWN,United States,ICML,2015
ICML-2015-A000391,Justin Ward,UNKNOWN,United Kingdom,ICML,2015
ICML-2015-A000392,Ralf Eggeling,UNKNOWN,Germany,ICML,2015
ICML-2015-A000393,Mikko Koivisto,UNKNOWN,Finland,ICML,2015
ICML-2015-A000394,Ivo Grosse,UNKNOWN,Germany,ICML,2015
ICML-2015-A000395,Xin Yuan,UNKNOWN,UNKNOWN,ICML,2015
ICML-2015-A000396,Ricardo Henao,UNKNOWN,UNKNOWN,ICML,2015
ICML-2015-A000397,Ephraim Tsalik,UNKNOWN,United States,ICML,2015
ICML-2015-A000398,Raymond Langley,UNKNOWN,United States,ICML,2015
ICML-2015-A000399,Lawrence Carin,UNKNOWN,United States,ICML,2015
ICML-2015-A000400,Alessio Benavoli,UNKNOWN,Switzerland,ICML,2015
ICML-2015-A000401,Giorgio Corani,UNKNOWN,Switzerland,ICML,2015
ICML-2015-A000402,Francesca Mangili,UNKNOWN,Switzerland,ICML,2015
ICML-2015-A000403,Marco Zaffalon,UNKNOWN,Switzerland,ICML,2015
ICML-2015-A000404,Taiji Suzuki,UNKNOWN,Japan,ICML,2015
ICML-2015-A000405,Yifan Wu,UNKNOWN,Canada,ICML,2015
ICML-2015-A000406,Andras Gyorgy,UNKNOWN,Canada,ICML,2015
ICML-2015-A000407,Csaba Szepesvari,UNKNOWN,Canada,ICML,2015
ICML-2015-A000408,Christian Naesseth,UNKNOWN,Sweden,ICML,2015
ICML-2015-A000409,Fredrik Lindsten,UNKNOWN,United Kingdom,ICML,2015
ICML-2015-A000410,Thomas Schon,UNKNOWN,Sweden,ICML,2015
ICML-2015-A000411,Rishit Sheth,UNKNOWN,United States,ICML,2015
ICML-2015-A000412,Yuyang Wang,UNKNOWN,United States,ICML,2015
ICML-2015-A000413,Roni Khardon,UNKNOWN,United States,ICML,2015
ICML-2015-A000414,Tom Schaul,UNKNOWN,United Kingdom,ICML,2015
ICML-2015-A000415,Daniel Horgan,UNKNOWN,United Kingdom,ICML,2015
ICML-2015-A000416,Karol Gregor,UNKNOWN,United Kingdom,ICML,2015
ICML-2015-A000417,David Silver,"Google DeepMind, New Street Square, EC4A 3TW London",United Kingdom,ICML,2015
ICML-2015-A000418,Julien Perolat,UNKNOWN,France,ICML,2015
ICML-2015-A000419,Bruno Scherrer,UNKNOWN,France,ICML,2015
ICML-2015-A000420,Bilal Piot,UNKNOWN,France,ICML,2015
ICML-2015-A000421,Olivier Pietquin,UNKNOWN,France,ICML,2015
ICML-2015-A000422,Dravyansh Sharma,UNKNOWN,India,ICML,2015
ICML-2015-A000423,Ashish Kapoor,UNKNOWN,United States,ICML,2015
ICML-2015-A000424,Amit Deshpande,UNKNOWN,India,ICML,2015
ICML-2015-A000425,Yi Wang,from the same university are more likely to become friends,Australia,ICML,2015
ICML-2015-A000426,Bin Li,from the same university are more likely to become friends,Australia,ICML,2015
ICML-2015-A000427,Yang Wang,from the same university are more likely to become friends,Australia,ICML,2015
ICML-2015-A000428,Fang Chen,from the same university are more likely to become friends,Australia,ICML,2015
ICML-2015-A000429,Xiaojun Chang,UNKNOWN,UNKNOWN,ICML,2015
ICML-2015-A000430,Yi Yang,UNKNOWN,UNKNOWN,ICML,2015
ICML-2015-A000431,Eric Xing,UNKNOWN,United States,ICML,2015
ICML-2015-A000432,Yaoliang Yu,UNKNOWN,United States,ICML,2015
ICML-2015-A000433,Kohei Hayashi,UNKNOWN,Japan,ICML,2015
ICML-2015-A000434,Shin-ichi Maeda,UNKNOWN,Japan,ICML,2015
ICML-2015-A000435,Ryohei Fujimaki,UNKNOWN,Japan,ICML,2015
ICML-2015-A000436,Woosang Lim,"School of Computing, KAIST, Daejeon, Korea",South Korea,ICML,2015
ICML-2015-A000437,Minhwan Kim,"LG Electronics, Seoul, Korea",South Korea,ICML,2015
ICML-2015-A000438,Haesun Park,UNKNOWN,United States,ICML,2015
ICML-2015-A000439,Kyomin Jung,UNKNOWN,South Korea,ICML,2015
ICML-2015-A000440,Peter Kairouz,UNKNOWN,United States,ICML,2015
ICML-2015-A000441,Sewoong Oh,UNKNOWN,United States,ICML,2015
ICML-2015-A000442,Pramod Viswanath,UNKNOWN,United States,ICML,2015
ICML-2015-A000443,Marthinus Du Plessis,UNKNOWN,Japan,ICML,2015
ICML-2015-A000444,Gang Niu,UNKNOWN,China,ICML,2015
ICML-2015-A000445,Masashi Sugiyama,UNKNOWN,Japan,ICML,2015
ICML-2015-A000446,Atsushi Miyauchi,UNKNOWN,Japan,ICML,2015
ICML-2015-A000447,Yuni Iwamasa,UNKNOWN,Japan,ICML,2015
ICML-2015-A000448,Takuro Fukunaga,UNKNOWN,Japan,ICML,2015
ICML-2015-A000449,Naonori Kakimura,UNKNOWN,Japan,ICML,2015
ICML-2015-A000450,Amit Daniely,UNKNOWN,Israel,ICML,2015
ICML-2015-A000451,Alon Gonen,UNKNOWN,Israel,ICML,2015
ICML-2015-A000452,Shai Shalev-Shwartz,UNKNOWN,Israel,ICML,2015
ICML-2015-A000453,Miao Xu,UNKNOWN,China,ICML,2015
ICML-2015-A000454,Rong Jin,UNKNOWN,United States | China,ICML,2015
ICML-2015-A000455,Zhi-Hua Zhou,UNKNOWN,China,ICML,2015
ICML-2015-A000456,Yining Wang,UNKNOWN,United States,ICML,2015
ICML-2015-A000457,Yu-Xiang Wang,UNKNOWN,United States,ICML,2015
ICML-2015-A000458,Aarti Singh,UNKNOWN,United States,ICML,2015
ICML-2015-A000459,Eric Sibony,UNKNOWN,France,ICML,2015
ICML-2015-A000460,Stéphan Clemençon,UNKNOWN,France,ICML,2015
ICML-2015-A000461,Jérémie Jakubowicz,UNKNOWN,France,ICML,2015
ICML-2015-A000462,Jonathan Huggins,UNKNOWN,UNKNOWN,ICML,2015
ICML-2015-A000463,Josh Tenenbaum,UNKNOWN,UNKNOWN,ICML,2015
ICML-2015-A000464,David Lopez-Paz,UNKNOWN,United Kingdom | United States,ICML,2015
ICML-2015-A000465,Krikamol Muandet,UNKNOWN,Germany,ICML,2015
ICML-2015-A000466,Bernhard Schölkopf,UNKNOWN,Germany,ICML,2015
ICML-2015-A000467,Iliya Tolstikhin,UNKNOWN,Germany,ICML,2015
ICML-2015-A000468,Karol Gregor,UNKNOWN,UNKNOWN,ICML,2015
ICML-2015-A000469,Ivo Danihelka,UNKNOWN,UNKNOWN,ICML,2015
ICML-2015-A000470,Alex Graves,UNKNOWN,UNKNOWN,ICML,2015
ICML-2015-A000471,Danilo Rezende,UNKNOWN,UNKNOWN,ICML,2015
ICML-2015-A000472,Daan Wierstra,Google DeepMind,United Kingdom,ICML,2015
ICML-2015-A000473,Ehsan Amid,UNKNOWN,Finland,ICML,2015
ICML-2015-A000474,Antti Ukkonen,UNKNOWN,Finland,ICML,2015
ICML-2015-A000475,Marc Deisenroth,UNKNOWN,United Kingdom,ICML,2015
ICML-2015-A000476,Jun Wei Ng,UNKNOWN,United Kingdom,ICML,2015
ICML-2015-A000477,Gongguo Tang,"Colorado School of Mines, Illinois Street, Golden, CO, USA",United States,ICML,2015
ICML-2015-A000478,Parikshit Shah,"Yahoo! Labs, First Ave, Sunnyvale CA, USA",United States,ICML,2015
ICML-2015-A000479,Zirui Zhou,UNKNOWN,China,ICML,2015
ICML-2015-A000480,Qi Zhang,UNKNOWN,China,ICML,2015
ICML-2015-A000481,Anthony Man-Cho So,UNKNOWN,China,ICML,2015
ICML-2015-A000482,Qiuyi Han,UNKNOWN,United States,ICML,2015
ICML-2015-A000483,Kevin Xu,UNKNOWN,United States,ICML,2015
ICML-2015-A000484,Edoardo Airoldi,UNKNOWN,United States,ICML,2015
ICML-2015-A000485,Manel Tagorti,UNKNOWN,France,ICML,2015
ICML-2015-A000486,Bruno Scherrer,UNKNOWN,France,ICML,2015
ICML-2015-A000487,Danilo Rezende,UNKNOWN,UNKNOWN,ICML,2015
ICML-2015-A000488,Shakir Mohamed,UNKNOWN,United Kingdom,ICML,2015
ICML-2015-A000489,Benn Macdonald,UNKNOWN,United Kingdom,ICML,2015
ICML-2015-A000490,Catherine Higham,UNKNOWN,United Kingdom,ICML,2015
ICML-2015-A000491,Dirk Husmeier,UNKNOWN,United Kingdom,ICML,2015
ICML-2015-A000492,Carlo Ciliberto,UNKNOWN,Italy | United States,ICML,2015
ICML-2015-A000493,Youssef Mroueh,UNKNOWN,Italy | United States,ICML,2015
ICML-2015-A000494,Tomaso Poggio,UNKNOWN,Italy | United States,ICML,2015
ICML-2015-A000495,Lorenzo Rosasco,UNKNOWN,Italy | United States,ICML,2015
ICML-2015-A000496,Margarita Osadchy,UNKNOWN,Israel,ICML,2015
ICML-2015-A000497,Tamir Hazan,UNKNOWN,Israel,ICML,2015
ICML-2015-A000498,Daniel Keren,UNKNOWN,Israel,ICML,2015
ICML-2015-A000499,Boris Lesner,UNKNOWN,France,ICML,2015
ICML-2015-A000500,Bruno Scherrer,UNKNOWN,France,ICML,2015
ICML-2015-A000501,Mathieu Serrurier,UNKNOWN,France,ICML,2015
ICML-2015-A000502,Henri Prade,UNKNOWN,France | Australia,ICML,2015
ICML-2015-A000503,Chong You,UNKNOWN,United States,ICML,2015
ICML-2015-A000504,Rene Vidal,UNKNOWN,United States,ICML,2015
ICML-2015-A000505,Amar Shah,UNKNOWN,United Kingdom,ICML,2015
ICML-2015-A000506,David Knowles,UNKNOWN,United States,ICML,2015
ICML-2015-A000507,Zoubin Ghahramani,UNKNOWN,United Kingdom,ICML,2015
ICML-2015-A000508,Xiaodan Zhu,UNKNOWN,Canada,ICML,2015
ICML-2015-A000509,Parinaz Sobihani,UNKNOWN,Canada,ICML,2015
ICML-2015-A000510,Hongyu Guo,UNKNOWN,Canada,ICML,2015
ICML-2015-A000511,Charles Blundell,UNKNOWN,UNKNOWN,ICML,2015
ICML-2015-A000512,Julien Cornebise,UNKNOWN,UNKNOWN,ICML,2015
ICML-2015-A000513,Koray Kavukcuoglu,UNKNOWN,UNKNOWN,ICML,2015
ICML-2015-A000514,Daan Wierstra,UNKNOWN,UNKNOWN,ICML,2015
ICML-2015-A000515,Jiaqian Yu,UNKNOWN,France,ICML,2015
ICML-2015-A000516,Matthew Blaschko,UNKNOWN,UNKNOWN,ICML,2015
ICML-2015-A000517,Julie Nutini,UNKNOWN,Canada,ICML,2015
ICML-2015-A000518,Mark Schmidt,UNKNOWN,Canada,ICML,2015
ICML-2015-A000519,Issam Laradji,UNKNOWN,Canada,ICML,2015
ICML-2015-A000520,Michael Friedlander,UNKNOWN,United States,ICML,2015
ICML-2015-A000521,Hoyt Koepke,UNKNOWN,UNKNOWN,ICML,2015
ICML-2015-A000522,Cong Leng,UNKNOWN,China,ICML,2015
ICML-2015-A000523,Jiaxiang Wu,UNKNOWN,China,ICML,2015
ICML-2015-A000524,Jian Cheng,UNKNOWN,China,ICML,2015
ICML-2015-A000525,Xi Zhang,UNKNOWN,China,ICML,2015
ICML-2015-A000526,Hanqing Lu,UNKNOWN,China,ICML,2015
ICML-2015-A000527,Zhiting Hu,UNKNOWN,United States,ICML,2015
ICML-2015-A000528,Ho Qirong,UNKNOWN,Singapore,ICML,2015
ICML-2015-A000529,Avinava Dubey,UNKNOWN,United States,ICML,2015
ICML-2015-A000530,Eric Xing,UNKNOWN,United States,ICML,2015
ICML-2015-A000531,Balazs Szorenyi,UNKNOWN,Hungary | Israel,ICML,2015
ICML-2015-A000532,Robert Busa-Fekete,UNKNOWN,Germany,ICML,2015
ICML-2015-A000533,Paul Weng,UNKNOWN,China,ICML,2015
ICML-2015-A000534,Eyke Hüllermeier,UNKNOWN,UNKNOWN,ICML,2015
ICML-2015-A000535,Li Xu,UNKNOWN,UNKNOWN,ICML,2015
ICML-2015-A000536,Jimmy Ren,UNKNOWN,UNKNOWN,ICML,2015
ICML-2015-A000537,Qiong Yan,UNKNOWN,UNKNOWN,ICML,2015
ICML-2015-A000538,Renjie Liao,UNKNOWN,China,ICML,2015
ICML-2015-A000539,Jiaya Jia,The Chinese University of Hong Kong,China,ICML,2015
ICML-2015-A000540,Shiau Hong Lim,"National University of Singapore, Engineering Drive , Singapore",Singapore,ICML,2015
ICML-2015-A000541,Yudong Chen,"University of California, Berkeley, CA , USA",United States,ICML,2015
ICML-2015-A000542,Huan Xu,UNKNOWN,Singapore,ICML,2015
ICML-2015-A000543,Huang Xiao,UNKNOWN,Germany,ICML,2015
ICML-2015-A000544,Battista Biggio,UNKNOWN,Italy,ICML,2015
ICML-2015-A000545,Gavin Brown,UNKNOWN,United Kingdom,ICML,2015
ICML-2015-A000546,Giorgio Fumera,UNKNOWN,Italy,ICML,2015
ICML-2015-A000547,Claudia Eckert,UNKNOWN,Germany,ICML,2015
ICML-2015-A000548,Fabio Roli,UNKNOWN,Italy,ICML,2015
ICML-2015-A000549,Jose Miguel Hernandez-Lobato,UNKNOWN,United States,ICML,2015
ICML-2015-A000550,Michael Gelbart,UNKNOWN,United States,ICML,2015
ICML-2015-A000551,Matthew Hoffman,UNKNOWN,United Kingdom,ICML,2015
ICML-2015-A000552,Ryan Adams,UNKNOWN,United States,ICML,2015
ICML-2015-A000553,Zoubin Ghahramani,UNKNOWN,United Kingdom,ICML,2015
ICML-2015-A000554,Michaël Perrot,UNKNOWN,France,ICML,2015
ICML-2015-A000555,Amaury Habrard,UNKNOWN,France,ICML,2015
ICML-2015-A000556,Yujia Li,UNKNOWN,Canada,ICML,2015
ICML-2015-A000557,Kevin Swersky,UNKNOWN,Canada,ICML,2015
ICML-2015-A000558,Rich Zemel,UNKNOWN,Canada,ICML,2015
ICML-2015-A000559,Megasthenis Asteris,UNKNOWN,UNKNOWN,ICML,2015
ICML-2015-A000560,Anastasios Kyrillidis,UNKNOWN,UNKNOWN,ICML,2015
ICML-2015-A000561,Alex Dimakis,UNKNOWN,United States,ICML,2015
ICML-2015-A000562,Han-Gyol Yi,UNKNOWN,UNKNOWN,ICML,2015
ICML-2015-A000563,Bharath Chandrasekaran,UNKNOWN,United States,ICML,2015
ICML-2015-A000564,Suyog Gupta,UNKNOWN,UNKNOWN,ICML,2015
ICML-2015-A000565,Ankur Agrawal,UNKNOWN,UNKNOWN,ICML,2015
ICML-2015-A000566,Kailash Gopalakrishnan,"IBM T. J. Watson Research Center, Yorktown Heights, NY",United States,ICML,2015
ICML-2015-A000567,Pritish Narayanan,"IBM Almaden Research Center, San Jose, CA",United States,ICML,2015
ICML-2015-A000568,Jie Wang,UNKNOWN,United States,ICML,2015
ICML-2015-A000569,Jieping Ye,UNKNOWN,United States,ICML,2015
ICML-2015-A000570,Taco Cohen,UNKNOWN,Netherlands,ICML,2015
ICML-2015-A000571,Max Welling,UNKNOWN,Netherlands | United States | Canada,ICML,2015
ICML-2015-A000572,Christopher Clark,Work completed at the University of Edinburgh,United Kingdom,ICML,2015
ICML-2015-A000573,Amos Storkey,Work completed at the University of Edinburgh,United Kingdom,ICML,2015
ICML-2015-A000574,Andrew Wilson,UNKNOWN,United States,ICML,2015
ICML-2015-A000575,Hannes Nickisch,UNKNOWN,Germany,ICML,2015
ICML-2015-A000576,Liang-Chieh Chen,UNKNOWN,United States,ICML,2015
ICML-2015-A000577,Alexander Schwing,UNKNOWN,Canada,ICML,2015
ICML-2015-A000578,Alan Yuille,UNKNOWN,United States,ICML,2015
ICML-2015-A000579,Raquel Urtasun,"University of Toronto, King’s College Rd., Toronto, Canada",Canada,ICML,2015
ICML-2015-A000580,Haim Avron,UNKNOWN,United States,ICML,2015
ICML-2015-A000581,Lior Horesh,UNKNOWN,United States,ICML,2015
ICML-2015-A000582,Josip Djolonga,UNKNOWN,Switzerland,ICML,2015
ICML-2015-A000583,Andreas Krause,UNKNOWN,Switzerland,ICML,2015
ICML-2015-A000584,Chris Lloyd,UNKNOWN,United Kingdom,ICML,2015
ICML-2015-A000585,Tom Gunter,UNKNOWN,United Kingdom,ICML,2015
ICML-2015-A000586,Michael Osborne,UNKNOWN,United Kingdom,ICML,2015
ICML-2015-A000587,Stephen Roberts,UNKNOWN,United Kingdom,ICML,2015
ICML-2015-A000588,Zhe Gan,UNKNOWN,United States,ICML,2015
ICML-2015-A000589,Changyou Chen,UNKNOWN,United States,ICML,2015
ICML-2015-A000590,Ricardo Henao,UNKNOWN,United States,ICML,2015
ICML-2015-A000591,David Carlson,UNKNOWN,United States,ICML,2015
ICML-2015-A000592,Lawrence Carin,UNKNOWN,United States,ICML,2015
ICML-2015-A000593,Nico Goernitz,UNKNOWN,Germany,ICML,2015
ICML-2015-A000594,Mikio Braun,UNKNOWN,Germany,ICML,2015
ICML-2015-A000595,Marius Kloft,UNKNOWN,Germany,ICML,2015
ICML-2015-A000596,Huitong Qiu,UNKNOWN,United States,ICML,2015
ICML-2015-A000597,Sheng Xu,UNKNOWN,United States,ICML,2015
ICML-2015-A000598,Fang Han,UNKNOWN,United States,ICML,2015
ICML-2015-A000599,Han Liu,UNKNOWN,United States,ICML,2015
ICML-2015-A000600,Brian Caffo,UNKNOWN,United States,ICML,2015
ICML-2015-A000601,Harish Ramaswamy,UNKNOWN,India,ICML,2015
ICML-2015-A000602,Ambuj Tewari,UNKNOWN,United States,ICML,2015
ICML-2015-A000603,Shivani Agarwal,UNKNOWN,India,ICML,2015
ICML-2015-A000604,Jose Miguel Hernandez-Lobato,UNKNOWN,United States,ICML,2015
ICML-2015-A000605,Ryan Adams,UNKNOWN,United States,ICML,2015
ICML-2015-A000606,Christopher Berlind,UNKNOWN,United States,ICML,2015
ICML-2015-A000607,Ruth Urner,UNKNOWN,Germany,ICML,2015
ICML-2015-A000608,Hanxiao Liu,UNKNOWN,United States,ICML,2015
ICML-2015-A000609,Yiming Yang,UNKNOWN,United States,ICML,2015
ICML-2015-A000610,John Schulman,UNKNOWN,United States,ICML,2015
ICML-2015-A000611,Sergey Levine,UNKNOWN,United States,ICML,2015
ICML-2015-A000612,Pieter Abbeel,UNKNOWN,United States,ICML,2015
ICML-2015-A000613,Michael Jordan,UNKNOWN,United States,ICML,2015
ICML-2015-A000614,Philipp Moritz,UNKNOWN,United States,ICML,2015
ICML-2015-A000615,Mingming Gong,UNKNOWN,Australia,ICML,2015
ICML-2015-A000616,Kun Zhang,UNKNOWN,Germany,ICML,2015
ICML-2015-A000617,Bernhard Schoelkopf,UNKNOWN,Germany,ICML,2015
ICML-2015-A000618,Dacheng Tao,UNKNOWN,Australia,ICML,2015
ICML-2015-A000619,Philipp Geiger,UNKNOWN,Germany,ICML,2015
ICML-2015-A000620,Dohyung Park,UNKNOWN,United States,ICML,2015
ICML-2015-A000621,Joe Neeman,UNKNOWN,United States,ICML,2015
ICML-2015-A000622,Jin Zhang,UNKNOWN,United States,ICML,2015
ICML-2015-A000623,Sujay Sanghavi,UNKNOWN,United States,ICML,2015
ICML-2015-A000624,Inderjit Dhillon,UNKNOWN,United States,ICML,2015
ICML-2015-A000625,Philipp Geiger,UNKNOWN,Germany,ICML,2015
ICML-2015-A000626,Kun Zhang,UNKNOWN,Germany | United States,ICML,2015
ICML-2015-A000627,Bernhard Schoelkopf,UNKNOWN,Germany,ICML,2015
ICML-2015-A000628,Mingming Gong,UNKNOWN,Australia,ICML,2015
ICML-2015-A000629,Dominik Janzing,UNKNOWN,Germany,ICML,2015
ICML-2015-A000630,Behnam Neyshabur,UNKNOWN,United States,ICML,2015
ICML-2015-A000631,Nathan Srebro,UNKNOWN,United States,ICML,2015
ICML-2015-A000632,Yunlong Jiao,UNKNOWN,France,ICML,2015
ICML-2015-A000633,Jean-Philippe Vert,UNKNOWN,France,ICML,2015
ICML-2015-A000634,Purnima Rajan,UNKNOWN,United States,ICML,2015
ICML-2015-A000635,Weidong Han,UNKNOWN,United States,ICML,2015
ICML-2015-A000636,Raphael Sznitman,UNKNOWN,Switzerland,ICML,2015
ICML-2015-A000637,Peter Frazier,UNKNOWN,United States,ICML,2015
ICML-2015-A000638,Bruno Jedynak,UNKNOWN,United States,ICML,2015
ICML-2015-A000639,Kai Wei,UNKNOWN,United States,ICML,2015
ICML-2015-A000640,Rishabh Iyer,UNKNOWN,United States,ICML,2015
ICML-2015-A000641,Jeff Bilmes,UNKNOWN,United States,ICML,2015
ICML-2015-A000642,Philip Bachman,UNKNOWN,Canada,ICML,2015
ICML-2015-A000643,Doina Precup,UNKNOWN,Canada,ICML,2015
ICML-2015-A000644,Chenxin Ma,UNKNOWN,United States,ICML,2015
ICML-2015-A000645,Virginia Smith,UNKNOWN,United States,ICML,2015
ICML-2015-A000646,Martin Jaggi,UNKNOWN,Switzerland,ICML,2015
ICML-2015-A000647,Michael Jordan,UNKNOWN,United States,ICML,2015
ICML-2015-A000648,Peter Richtarik,UNKNOWN,United Kingdom,ICML,2015
ICML-2015-A000649,Martin Takac,UNKNOWN,United States,ICML,2015
ICML-2015-A000650,Feng Nan,UNKNOWN,United States,ICML,2015
ICML-2015-A000651,Joseph Wang,UNKNOWN,United States,ICML,2015
ICML-2015-A000652,Venkatesh Saligrama,UNKNOWN,United States,ICML,2015
ICML-2015-A000653,Maxwell Libbrecht,UNKNOWN,United States,ICML,2015
ICML-2015-A000654,Michael Hoffman,UNKNOWN,Canada,ICML,2015
ICML-2015-A000655,Jeff Bilmes,UNKNOWN,United States,ICML,2015
ICML-2015-A000656,William Noble,UNKNOWN,United States,ICML,2015
ICML-2015-A000657,Tam Le,UNKNOWN,Japan,ICML,2015
ICML-2015-A000658,Marco Cuturi,UNKNOWN,Japan,ICML,2015
ICML-2015-A000659,Or Zuk,UNKNOWN,Israel,ICML,2015
ICML-2015-A000660,Avishai Wagner,UNKNOWN,Israel,ICML,2015
ICML-2015-A000661,Sébastien Giguère,UNKNOWN,Canada,ICML,2015
ICML-2015-A000662,Amélie Rolland,UNKNOWN,Canada,ICML,2015
ICML-2015-A000663,Francois Laviolette,UNKNOWN,Canada,ICML,2015
ICML-2015-A000664,Mario Marchand,UNKNOWN,Canada,ICML,2015
ICML-2015-A000665,Wenzhao Lian,UNKNOWN,United States,ICML,2015
ICML-2015-A000666,Ricardo Henao,UNKNOWN,United States,ICML,2015
ICML-2015-A000667,Vinayak Rao,UNKNOWN,United States,ICML,2015
ICML-2015-A000668,Joseph Lucas,UNKNOWN,United States,ICML,2015
ICML-2015-A000669,Lawrence Carin,UNKNOWN,United States,ICML,2015
ICML-2015-A000670,Michael Zhu,UNKNOWN,United States,ICML,2015
ICML-2015-A000671,Stefano Ermon,UNKNOWN,United States,ICML,2015
ICML-2015-A000672,Kelvin Xu,machine learning and AI research.,Canada,ICML,2015
ICML-2015-A000673,Jimmy Ba,machine learning and AI research.,Canada,ICML,2015
ICML-2015-A000674,Ryan Kiros,machine learning and AI research.,Canada,ICML,2015
ICML-2015-A000675,Kyunghyun Cho,machine learning and AI research.,Canada,ICML,2015
ICML-2015-A000676,Aaron Courville,machine learning and AI research.,Canada,ICML,2015
ICML-2015-A000677,Ruslan Salakhudinov,machine learning and AI research.,Canada,ICML,2015
ICML-2015-A000678,Rich Zemel,machine learning and AI research.,Canada,ICML,2015
ICML-2015-A000679,Yoshua Bengio,machine learning and AI research.,Canada,ICML,2015
ICML-2015-A000680,Kai-Wei Chang,UNKNOWN,United States,ICML,2015
ICML-2015-A000681,Akshay Krishnamurthy,UNKNOWN,United States,ICML,2015
ICML-2015-A000682,Alekh Agarwal,UNKNOWN,United States,ICML,2015
ICML-2015-A000683,Hal Daumé III,UNKNOWN,United States,ICML,2015
ICML-2015-A000684,John Langford,UNKNOWN,United States,ICML,2015
ICML-2015-A000685,Junyoung Chung,UNKNOWN,Canada,ICML,2015
ICML-2015-A000686,Caglar Gulcehre,UNKNOWN,Canada,ICML,2015
ICML-2015-A000687,Kyunghyun Cho,UNKNOWN,Canada,ICML,2015
ICML-2015-A000688,Yoshua Bengio,UNKNOWN,Canada,ICML,2015
ICML-2015-A000689,Erfan Soltanmohammadi,UNKNOWN,United States,ICML,2015
ICML-2015-A000690,Mort Naraghi-Pour,UNKNOWN,United States,ICML,2015
ICML-2015-A000691,Mihaela Schaar,UNKNOWN,United States,ICML,2015
ICML-2015-A000692,Remi Lebret,UNKNOWN,Switzerland,ICML,2015
ICML-2015-A000693,Pedro Pinheiro,UNKNOWN,UNKNOWN,ICML,2015
ICML-2015-A000694,Ronan Collobert,UNKNOWN,United States,ICML,2015
ICML-2015-A000695,Jeffrey Regier,show that much interesting research remains to be done.,United States,ICML,2015
ICML-2015-A000696,Andrew Miller,show that much interesting research remains to be done.,United States,ICML,2015
ICML-2015-A000697,Jon McAuliffe,show that much interesting research remains to be done.,United States,ICML,2015
ICML-2015-A000698,Ryan Adams,show that much interesting research remains to be done.,United States,ICML,2015
ICML-2015-A000699,Matt Hoffman,show that much interesting research remains to be done.,United States,ICML,2015
ICML-2015-A000700,Dustin Lang,show that much interesting research remains to be done.,United States,ICML,2015
ICML-2015-A000701,David Schlegel,show that much interesting research remains to be done.,United States,ICML,2015
ICML-2015-A000702,Mr Prabhat,show that much interesting research remains to be done.,UNKNOWN,ICML,2015
ICML-2015-A000703,Adarsh Prasad,UNKNOWN,United States,ICML,2015
ICML-2015-A000704,Harsh Pareek,UNKNOWN,United States,ICML,2015
ICML-2015-A000705,Pradeep Ravikumar,UNKNOWN,United States,ICML,2015
ICML-2015-A000706,Dougal Maclaurin,UNKNOWN,UNKNOWN,ICML,2015
ICML-2015-A000707,David Duvenaud,UNKNOWN,UNKNOWN,ICML,2015
ICML-2015-A000708,Ryan Adams,UNKNOWN,UNKNOWN,ICML,2015
ICML-2015-A000709,Miltos Allamanis,UNKNOWN,United Kingdom,ICML,2015
ICML-2015-A000710,Daniel Tarlow,UNKNOWN,United Kingdom,ICML,2015
ICML-2015-A000711,Andrew Gordon,UNKNOWN,United Kingdom,ICML,2015
ICML-2015-A000712,Yi Wei,"Microsoft Research, Station Road, Cambridge, CB1 2FB, United Kingdom",United Kingdom,ICML,2015
ICML-2015-A000713,Manjesh Hanawal,UNKNOWN,United States,ICML,2015
ICML-2015-A000714,Venkatesh Saligrama,UNKNOWN,United States,ICML,2015
ICML-2015-A000715,Michal Valko,UNKNOWN,France,ICML,2015
ICML-2015-A000716,Remi Munos,UNKNOWN,France | United Kingdom,ICML,2015
ICML-2015-A000717,Frederic Chazal,UNKNOWN,France,ICML,2015
ICML-2015-A000718,Brittany Fasy,UNKNOWN,United States,ICML,2015
ICML-2015-A000719,Fabrizio Lecci,UNKNOWN,United States,ICML,2015
ICML-2015-A000720,Bertrand Michel,UNKNOWN,France,ICML,2015
ICML-2015-A000721,Alessandro Rinaldo,UNKNOWN,United States,ICML,2015
ICML-2015-A000722,Larry Wasserman,UNKNOWN,United States,ICML,2015
ICML-2015-A000723,Bernardino Romera-Paredes,UNKNOWN,United Kingdom,ICML,2015
ICML-2015-A000724,Philip Torr,UNKNOWN,United Kingdom,ICML,2015
ICML-2015-A000725,Xinyang Yi,UNKNOWN,UNKNOWN,ICML,2015
ICML-2015-A000726,Constantine Caramanis,UNKNOWN,United States,ICML,2015
ICML-2015-A000727,Eric Price,UNKNOWN,United States,ICML,2015
ICML-2015-A000728,Jasper Snoek,UNKNOWN,United States,ICML,2015
ICML-2015-A000729,Oren Rippel,UNKNOWN,United States,ICML,2015
ICML-2015-A000730,Kevin Swersky,UNKNOWN,Canada,ICML,2015
ICML-2015-A000731,Ryan Kiros,UNKNOWN,Canada,ICML,2015
ICML-2015-A000732,Nadathur Satish,UNKNOWN,United States,ICML,2015
ICML-2015-A000733,Narayanan Sundaram,UNKNOWN,United States,ICML,2015
ICML-2015-A000734,Mostofa Patwary,UNKNOWN,United States,ICML,2015
ICML-2015-A000735,Mr Prabhat,UNKNOWN,United States,ICML,2015
ICML-2015-A000736,Ryan Adams,UNKNOWN,United States,ICML,2015
ICML-2015-A000737,Amir Globerson,UNKNOWN,UNKNOWN,ICML,2015
ICML-2015-A000738,Tim Roughgarden,UNKNOWN,UNKNOWN,ICML,2015
ICML-2015-A000739,David Sontag,UNKNOWN,UNKNOWN,ICML,2015
ICML-2015-A000740,Cafer Yildirim,UNKNOWN,UNKNOWN,ICML,2015
ICML-2015-A000741,Oren Anava,UNKNOWN,Israel,ICML,2015
ICML-2015-A000742,Elad Hazan,UNKNOWN,United States,ICML,2015
ICML-2015-A000743,Assaf Zeevi,UNKNOWN,United States,ICML,2015
ICML-2015-A000744,Jason Pacheco,UNKNOWN,UNKNOWN,ICML,2015
ICML-2015-A000745,Erik Sudderth,UNKNOWN,UNKNOWN,ICML,2015
ICML-2015-A000746,Yacine Jernite,"CIMS, New York University, Mercer Street, New York, NY , USA Alexander M. Rush Facebook AI Research, Broadway, New York, NY , USA",United States,ICML,2015
ICML-2015-A000747,Alexander Rush,UNKNOWN,UNKNOWN,ICML,2015
ICML-2015-A000748,David Sontag,"CIMS, New York University, Mercer Street, New York, NY , USA",United States,ICML,2015
ICML-2015-A000749,Bernhard Schölkopf,UNKNOWN,Germany,ICML,2015
ICML-2015-A000750,David Hogg,UNKNOWN,UNKNOWN,ICML,2015
ICML-2015-A000751,Dun Wang,UNKNOWN,UNKNOWN,ICML,2015
ICML-2015-A000752,Dan Foreman-Mackey,UNKNOWN,United States,ICML,2015
ICML-2015-A000753,Dominik Janzing,UNKNOWN,Germany,ICML,2015
ICML-2015-A000754,Carl-Johann Simon-Gabriel,UNKNOWN,Germany,ICML,2015
ICML-2015-A000755,Jonas Peters,UNKNOWN,Germany,ICML,2015
ICML-2015-A000756,Yves-Laurent Kom Samo,UNKNOWN,UNKNOWN,ICML,2015
ICML-2015-A000757,Stephen Roberts,UNKNOWN,United Kingdom,ICML,2015
ICML-2015-A000758,KookJin Ahn,"Currently at Google, Inc. Email:",United States,ICML,2015
ICML-2015-A000759,Graham Cormode,"Currently at Google, Inc. Email:",United States,ICML,2015
ICML-2015-A000760,Sudipto Guha,"Currently at Google, Inc. Email:",United States,ICML,2015
ICML-2015-A000761,Andrew McGregor,"Currently at Google, Inc. Email:",United States,ICML,2015
ICML-2015-A000762,Anthony Wirth,"Currently at Google, Inc. Email:",United States,ICML,2015
ICML-2015-A000763,Qingming Tang,UNKNOWN,United States,ICML,2015
ICML-2015-A000764,Siqi Sun,UNKNOWN,United States,ICML,2015
ICML-2015-A000765,Jinbo Xu,UNKNOWN,United States,ICML,2015
ICML-2015-A000766,Jascha Sohl-Dickstein,UNKNOWN,United States,ICML,2015
ICML-2015-A000767,Eric Weiss,UNKNOWN,United States,ICML,2015
ICML-2015-A000768,Niru Maheswaranathan,UNKNOWN,United States,ICML,2015
ICML-2015-A000769,Surya Ganguli,UNKNOWN,United States,ICML,2015
ICML-2015-A000770,Andrew Trask,UNKNOWN,United States,ICML,2015
ICML-2015-A000771,David Gilmore,UNKNOWN,United States,ICML,2015
ICML-2015-A000772,Matthew Russell,UNKNOWN,United States,ICML,2015
ICML-2015-A000773,Hong Ge,UNKNOWN,United Kingdom,ICML,2015
ICML-2015-A000774,Yutian Chen,UNKNOWN,United Kingdom,ICML,2015
ICML-2015-A000775,Moquan Wan,UNKNOWN,United Kingdom,ICML,2015
ICML-2015-A000776,Zoubin Ghahramani,UNKNOWN,United Kingdom,ICML,2015
ICML-2015-A000777,Wenlin Chen,UNKNOWN,United States,ICML,2015
ICML-2015-A000778,James Wilson,UNKNOWN,United States,ICML,2015
ICML-2015-A000779,Stephen Tyree,UNKNOWN,United States,ICML,2015
ICML-2015-A000780,Kilian Weinberger,UNKNOWN,United States,ICML,2015
ICML-2015-A000781,Yixin Chen,UNKNOWN,United States,ICML,2015
ICML-2015-A000782,Rong Ge,UNKNOWN,United States,ICML,2015
ICML-2015-A000783,James Zou,UNKNOWN,United States,ICML,2015
ICML-2015-A000784,Roger Grosse,UNKNOWN,Canada,ICML,2015
ICML-2015-A000785,Ruslan Salakhudinov,UNKNOWN,Canada,ICML,2015
ICML-2015-A000786,Harm Vanseijen,UNKNOWN,Canada,ICML,2015
ICML-2015-A000787,Rich Sutton,UNKNOWN,Canada,ICML,2015
ICML-2015-A000788,Alina Beygelzimer,UNKNOWN,United States,ICML,2015
ICML-2015-A000789,Satyen Kale,UNKNOWN,United States,ICML,2015
ICML-2015-A000790,Haipeng Luo,UNKNOWN,United States,ICML,2015
ICML-2015-A000791,Christopher De Sa,UNKNOWN,United States,ICML,2015
ICML-2015-A000792,Christopher Re,UNKNOWN,United States,ICML,2015
ICML-2015-A000793,Kunle Olukotun,UNKNOWN,United States,ICML,2015
ICML-2015-A000794,Rafal Jozefowicz,Work done while the author was at Google.,United States,ICML,2015
ICML-2015-A000795,Wojciech Zaremba,Work done while the author was at Google.,United States | Poland,ICML,2015
ICML-2015-A000796,Ilya Sutskever,Work done while the author was at Google.,Canada | United States,ICML,2015
ICML-2015-A000797,Ju Sun,UNKNOWN,United States,ICML,2015
ICML-2015-A000798,Qing Qu,UNKNOWN,United States,ICML,2015
ICML-2015-A000799,John Wright,UNKNOWN,United States,ICML,2015
ICML-2015-A000800,Haitham Bou Ammar,UNKNOWN,United States,ICML,2015
ICML-2015-A000801,Rasul Tutunov,UNKNOWN,United States,ICML,2015
ICML-2015-A000802,Eric Eaton,UNKNOWN,United States,ICML,2015
ICML-2015-A000803,Cho-Jui Hsieh,UNKNOWN,United States,ICML,2015
ICML-2015-A000804,Hsiang-Fu Yu,UNKNOWN,United States,ICML,2015
ICML-2015-A000805,Inderjit Dhillon,UNKNOWN,United States,ICML,2015
ICML-2015-A000806,Philip Thomas,UNKNOWN,United States,ICML,2015
ICML-2015-A000807,Georgios Theocharous,UNKNOWN,United States,ICML,2015
ICML-2015-A000808,Mohammad Ghavamzadeh,UNKNOWN,United States | France,ICML,2015
ICML-2015-A000809,Zelda Mariet,UNKNOWN,United States,ICML,2015
ICML-2015-A000810,Suvrit Sra,UNKNOWN,United States,ICML,2015
ICML-2015-A000811,Harikrishna Narasimhan,UNKNOWN,UNKNOWN,ICML,2015
ICML-2015-A000812,Harish Ramaswamy,UNKNOWN,UNKNOWN,ICML,2015
ICML-2015-A000813,Aadirupa Saha,UNKNOWN,UNKNOWN,ICML,2015
ICML-2015-A000814,Shivani Agarwal,"Indian Institute of Science, Bangalore , INDIA",India,ICML,2015
ICML-2015-A000815,James Martens,UNKNOWN,Canada,ICML,2015
ICML-2015-A000816,Roger Grosse,UNKNOWN,Canada,ICML,2015
ICML-2015-A000817,En-Hsu Yen,UNKNOWN,UNKNOWN,ICML,2015
ICML-2015-A000818,Xin Lin,UNKNOWN,United States,ICML,2015
ICML-2015-A000819,Kai Zhong,UNKNOWN,United States,ICML,2015
ICML-2015-A000820,Pradeep Ravikumar,UNKNOWN,United States,ICML,2015
ICML-2015-A000821,Inderjit Dhillon,UNKNOWN,United States,ICML,2015
ICML-2015-A000822,Anh Pham,UNKNOWN,United States,ICML,2015
ICML-2015-A000823,Raviv Raich,UNKNOWN,United States,ICML,2015
ICML-2015-A000824,Xiaoli Fern,UNKNOWN,United States,ICML,2015
ICML-2015-A000825,Jesús Pérez Arriaga,UNKNOWN,Spain,ICML,2015
ICML-2015-A000826,Liva Ralaivola,UNKNOWN,France,ICML,2015
ICML-2015-A000827,Massih-Reza Amini,UNKNOWN,France,ICML,2015
ICML-2015-A000828,Cho-Jui Hsieh,UNKNOWN,United States,ICML,2015
ICML-2015-A000829,Nagarajan Natarajan,UNKNOWN,United States,ICML,2015
ICML-2015-A000830,Inderjit Dhillon,UNKNOWN,United States,ICML,2015
ICML-2015-A000831,Necdet Aybat,UNKNOWN,UNKNOWN,ICML,2015
ICML-2015-A000832,Zi Wang,UNKNOWN,United States,ICML,2015
ICML-2015-A000833,Garud Iyengar,UNKNOWN,United States,ICML,2015
ICML-2015-A000834,Congyuan Yang,UNKNOWN,United States,ICML,2015
ICML-2015-A000835,Daniel Robinson,UNKNOWN,United States,ICML,2015
ICML-2015-A000836,Rene Vidal,UNKNOWN,United States,ICML,2015
ICML-2015-A000837,Jinyan Guan,UNKNOWN,United States,ICML,2015
ICML-2015-A000838,Kyle Simek,UNKNOWN,United States,ICML,2015
ICML-2015-A000839,Ernesto Brau,UNKNOWN,Canada,ICML,2015
ICML-2015-A000840,Clayton Morrison,UNKNOWN,United States,ICML,2015
ICML-2015-A000841,Emily Butler,UNKNOWN,United States,ICML,2015
ICML-2015-A000842,Kobus Barnard,UNKNOWN,United States,ICML,2015
ICML-2015-A000843,Taehoon Lee,UNKNOWN,South Korea,ICML,2015
ICML-2015-A000844,Sungroh Yoon,UNKNOWN,South Korea,ICML,2015
ICML-2015-A000845,Yu-Xiang Wang,UNKNOWN,United States,ICML,2015
ICML-2015-A000846,Stephen Fienberg,UNKNOWN,United States,ICML,2015
ICML-2015-A000847,Alex Smola,UNKNOWN,United States | United Kingdom,ICML,2015
ICML-2015-A000848,Lucas Theis,UNKNOWN,Germany,ICML,2015
ICML-2015-A000849,Matt Hoffman,UNKNOWN,United States,ICML,2015
ICML-2015-A000850,Kevin Winner,UNKNOWN,United States,ICML,2015
ICML-2015-A000851,Garrett Bernstein,UNKNOWN,United States,ICML,2015
ICML-2015-A000852,Dan Sheldon,UNKNOWN,United States,ICML,2015
ICML-2015-A000853,Ruitong Huang,UNKNOWN,Canada,ICML,2015
ICML-2015-A000854,Andras Gyorgy,UNKNOWN,Canada,ICML,2015
ICML-2015-A000855,Csaba Szepesvári,UNKNOWN,Canada,ICML,2015
ICML-2015-A000856,Maxime Gasse,UNKNOWN,UNKNOWN,ICML,2015
ICML-2015-A000857,Alexandre Aussem,UNKNOWN,UNKNOWN,ICML,2015
ICML-2015-A000858,Haytham Elghazel,"LIRIS, UMR , University of Lyon , Lyon, France",France,ICML,2015
ICML-2015-A000859,Roy Frostig,UNKNOWN,United States,ICML,2015
ICML-2015-A000860,Rong Ge,UNKNOWN,China,ICML,2015
ICML-2015-A000861,Sham Kakade,UNKNOWN,United States,ICML,2015
ICML-2015-A000862,Aaron Sidford,UNKNOWN,United States,ICML,2015
ICML-2015-A000863,Bin Gu,UNKNOWN,China | Canada,ICML,2015
ICML-2015-A000864,Charles Ling,UNKNOWN,Canada,ICML,2015
