paper_id,author_id,author_position
ECCV-2016-P0001,ECCV-2016-A000001,1
ECCV-2016-P0001,ECCV-2016-A000002,2
ECCV-2016-P0001,ECCV-2016-A000003,3
ECCV-2016-P0002,ECCV-2016-A000004,1
ECCV-2016-P0002,ECCV-2016-A000005,2
ECCV-2016-P0002,ECCV-2016-A000006,3
ECCV-2016-P0002,ECCV-2016-A000007,4
ECCV-2016-P0002,ECCV-2016-A000008,5
ECCV-2016-P0002,ECCV-2016-A000009,6
ECCV-2016-P0003,ECCV-2016-A000010,1
ECCV-2016-P0003,ECCV-2016-A000011,2
ECCV-2016-P0003,ECCV-2016-A000012,3
ECCV-2016-P0003,ECCV-2016-A000013,4
ECCV-2016-P0004,ECCV-2016-A000014,1
ECCV-2016-P0004,ECCV-2016-A000015,2
ECCV-2016-P0004,ECCV-2016-A000016,3
ECCV-2016-P0004,ECCV-2016-A000017,4
ECCV-2016-P0004,ECCV-2016-A000018,5
ECCV-2016-P0004,ECCV-2016-A000019,6
ECCV-2016-P0005,ECCV-2016-A000020,1
ECCV-2016-P0005,ECCV-2016-A000021,2
ECCV-2016-P0005,ECCV-2016-A000022,3
ECCV-2016-P0005,ECCV-2016-A000023,4
ECCV-2016-P0006,ECCV-2016-A000024,1
ECCV-2016-P0006,ECCV-2016-A000025,2
ECCV-2016-P0006,ECCV-2016-A000026,3
ECCV-2016-P0006,ECCV-2016-A000027,4
ECCV-2016-P0006,ECCV-2016-A000028,5
ECCV-2016-P0007,ECCV-2016-A000029,1
ECCV-2016-P0007,ECCV-2016-A000030,2
ECCV-2016-P0007,ECCV-2016-A000031,3
ECCV-2016-P0008,ECCV-2016-A000032,1
ECCV-2016-P0008,ECCV-2016-A000033,2
ECCV-2016-P0008,ECCV-2016-A000034,3
ECCV-2016-P0008,ECCV-2016-A000035,4
ECCV-2016-P0008,ECCV-2016-A000036,5
ECCV-2016-P0009,ECCV-2016-A000037,1
ECCV-2016-P0009,ECCV-2016-A000038,2
ECCV-2016-P0009,ECCV-2016-A000039,3
ECCV-2016-P0009,ECCV-2016-A000040,4
ECCV-2016-P0009,ECCV-2016-A000041,5
ECCV-2016-P0010,ECCV-2016-A000042,1
ECCV-2016-P0010,ECCV-2016-A000043,2
ECCV-2016-P0010,ECCV-2016-A000044,3
ECCV-2016-P0010,ECCV-2016-A000045,4
ECCV-2016-P0010,ECCV-2016-A000046,5
ECCV-2016-P0010,ECCV-2016-A000047,6
ECCV-2016-P0011,ECCV-2016-A000048,1
ECCV-2016-P0011,ECCV-2016-A000049,2
ECCV-2016-P0011,ECCV-2016-A000050,3
ECCV-2016-P0011,ECCV-2016-A000051,4
ECCV-2016-P0012,ECCV-2016-A000052,1
ECCV-2016-P0012,ECCV-2016-A000053,2
ECCV-2016-P0012,ECCV-2016-A000054,3
ECCV-2016-P0012,ECCV-2016-A000055,4
ECCV-2016-P0012,ECCV-2016-A000056,5
ECCV-2016-P0013,ECCV-2016-A000057,1
ECCV-2016-P0013,ECCV-2016-A000058,2
ECCV-2016-P0013,ECCV-2016-A000059,3
ECCV-2016-P0014,ECCV-2016-A000060,1
ECCV-2016-P0014,ECCV-2016-A000061,2
ECCV-2016-P0014,ECCV-2016-A000062,3
ECCV-2016-P0014,ECCV-2016-A000063,4
ECCV-2016-P0015,ECCV-2016-A000064,1
ECCV-2016-P0015,ECCV-2016-A000065,2
ECCV-2016-P0015,ECCV-2016-A000066,3
ECCV-2016-P0015,ECCV-2016-A000067,4
ECCV-2016-P0016,ECCV-2016-A000068,1
ECCV-2016-P0016,ECCV-2016-A000069,2
ECCV-2016-P0016,ECCV-2016-A000070,3
ECCV-2016-P0017,ECCV-2016-A000071,1
ECCV-2016-P0017,ECCV-2016-A000072,2
ECCV-2016-P0017,ECCV-2016-A000073,3
ECCV-2016-P0017,ECCV-2016-A000074,4
ECCV-2016-P0017,ECCV-2016-A000075,5
ECCV-2016-P0018,ECCV-2016-A000076,1
ECCV-2016-P0018,ECCV-2016-A000077,2
ECCV-2016-P0018,ECCV-2016-A000078,3
ECCV-2016-P0018,ECCV-2016-A000079,4
ECCV-2016-P0018,ECCV-2016-A000080,5
ECCV-2016-P0019,ECCV-2016-A000081,1
ECCV-2016-P0019,ECCV-2016-A000082,2
ECCV-2016-P0020,ECCV-2016-A000083,1
ECCV-2016-P0020,ECCV-2016-A000084,2
ECCV-2016-P0021,ECCV-2016-A000085,1
ECCV-2016-P0021,ECCV-2016-A000086,2
ECCV-2016-P0021,ECCV-2016-A000087,3
ECCV-2016-P0021,ECCV-2016-A000088,4
ECCV-2016-P0022,ECCV-2016-A000089,1
ECCV-2016-P0022,ECCV-2016-A000090,2
ECCV-2016-P0022,ECCV-2016-A000091,3
ECCV-2016-P0022,ECCV-2016-A000092,4
ECCV-2016-P0022,ECCV-2016-A000093,5
ECCV-2016-P0022,ECCV-2016-A000094,6
ECCV-2016-P0023,ECCV-2016-A000095,1
ECCV-2016-P0023,ECCV-2016-A000096,2
ECCV-2016-P0023,ECCV-2016-A000097,3
ECCV-2016-P0024,ECCV-2016-A000098,1
ECCV-2016-P0024,ECCV-2016-A000099,2
ECCV-2016-P0024,ECCV-2016-A000100,3
ECCV-2016-P0024,ECCV-2016-A000101,4
ECCV-2016-P0025,ECCV-2016-A000102,1
ECCV-2016-P0025,ECCV-2016-A000103,2
ECCV-2016-P0026,ECCV-2016-A000104,1
ECCV-2016-P0026,ECCV-2016-A000105,2
ECCV-2016-P0027,ECCV-2016-A000106,1
ECCV-2016-P0027,ECCV-2016-A000107,2
ECCV-2016-P0027,ECCV-2016-A000108,3
ECCV-2016-P0028,ECCV-2016-A000109,1
ECCV-2016-P0028,ECCV-2016-A000110,2
ECCV-2016-P0028,ECCV-2016-A000111,3
ECCV-2016-P0029,ECCV-2016-A000112,1
ECCV-2016-P0029,ECCV-2016-A000113,2
ECCV-2016-P0029,ECCV-2016-A000114,3
ECCV-2016-P0029,ECCV-2016-A000115,4
ECCV-2016-P0030,ECCV-2016-A000116,1
ECCV-2016-P0030,ECCV-2016-A000117,2
ECCV-2016-P0031,ECCV-2016-A000118,1
ECCV-2016-P0031,ECCV-2016-A000119,2
ECCV-2016-P0031,ECCV-2016-A000120,3
ECCV-2016-P0031,ECCV-2016-A000121,4
ECCV-2016-P0031,ECCV-2016-A000122,5
ECCV-2016-P0031,ECCV-2016-A000123,6
ECCV-2016-P0032,ECCV-2016-A000124,1
ECCV-2016-P0032,ECCV-2016-A000125,2
ECCV-2016-P0032,ECCV-2016-A000126,3
ECCV-2016-P0033,ECCV-2016-A000127,1
ECCV-2016-P0033,ECCV-2016-A000128,2
ECCV-2016-P0034,ECCV-2016-A000129,1
ECCV-2016-P0034,ECCV-2016-A000130,2
ECCV-2016-P0034,ECCV-2016-A000131,3
ECCV-2016-P0034,ECCV-2016-A000132,4
ECCV-2016-P0034,ECCV-2016-A000133,5
ECCV-2016-P0034,ECCV-2016-A000134,6
ECCV-2016-P0035,ECCV-2016-A000135,1
ECCV-2016-P0035,ECCV-2016-A000136,2
ECCV-2016-P0035,ECCV-2016-A000137,3
ECCV-2016-P0035,ECCV-2016-A000138,4
ECCV-2016-P0036,ECCV-2016-A000139,1
ECCV-2016-P0036,ECCV-2016-A000140,2
ECCV-2016-P0036,ECCV-2016-A000141,3
ECCV-2016-P0036,ECCV-2016-A000142,4
ECCV-2016-P0036,ECCV-2016-A000143,5
ECCV-2016-P0037,ECCV-2016-A000144,1
ECCV-2016-P0037,ECCV-2016-A000145,2
ECCV-2016-P0037,ECCV-2016-A000146,3
ECCV-2016-P0037,ECCV-2016-A000147,4
ECCV-2016-P0037,ECCV-2016-A000148,5
ECCV-2016-P0038,ECCV-2016-A000149,1
ECCV-2016-P0038,ECCV-2016-A000150,2
ECCV-2016-P0039,ECCV-2016-A000151,1
ECCV-2016-P0039,ECCV-2016-A000152,2
ECCV-2016-P0039,ECCV-2016-A000153,3
ECCV-2016-P0039,ECCV-2016-A000154,4
ECCV-2016-P0039,ECCV-2016-A000155,5
ECCV-2016-P0040,ECCV-2016-A000156,1
ECCV-2016-P0040,ECCV-2016-A000157,2
ECCV-2016-P0040,ECCV-2016-A000158,3
ECCV-2016-P0040,ECCV-2016-A000159,4
ECCV-2016-P0040,ECCV-2016-A000160,5
ECCV-2016-P0041,ECCV-2016-A000161,1
ECCV-2016-P0041,ECCV-2016-A000162,2
ECCV-2016-P0041,ECCV-2016-A000163,3
ECCV-2016-P0041,ECCV-2016-A000164,4
ECCV-2016-P0042,ECCV-2016-A000165,1
ECCV-2016-P0042,ECCV-2016-A000166,2
ECCV-2016-P0042,ECCV-2016-A000167,3
ECCV-2016-P0042,ECCV-2016-A000168,4
ECCV-2016-P0042,ECCV-2016-A000169,5
ECCV-2016-P0043,ECCV-2016-A000170,1
ECCV-2016-P0043,ECCV-2016-A000171,2
ECCV-2016-P0043,ECCV-2016-A000172,3
ECCV-2016-P0043,ECCV-2016-A000173,4
ECCV-2016-P0043,ECCV-2016-A000174,5
ECCV-2016-P0044,ECCV-2016-A000175,1
ECCV-2016-P0044,ECCV-2016-A000176,2
ECCV-2016-P0044,ECCV-2016-A000177,3
ECCV-2016-P0044,ECCV-2016-A000178,4
ECCV-2016-P0044,ECCV-2016-A000179,5
ECCV-2016-P0044,ECCV-2016-A000180,6
ECCV-2016-P0045,ECCV-2016-A000181,1
ECCV-2016-P0045,ECCV-2016-A000182,2
ECCV-2016-P0045,ECCV-2016-A000183,3
ECCV-2016-P0046,ECCV-2016-A000184,1
ECCV-2016-P0046,ECCV-2016-A000185,2
ECCV-2016-P0047,ECCV-2016-A000186,1
ECCV-2016-P0047,ECCV-2016-A000187,2
ECCV-2016-P0047,ECCV-2016-A000188,3
ECCV-2016-P0047,ECCV-2016-A000189,4
ECCV-2016-P0048,ECCV-2016-A000190,1
ECCV-2016-P0048,ECCV-2016-A000191,2
ECCV-2016-P0048,ECCV-2016-A000192,3
ECCV-2016-P0048,ECCV-2016-A000193,4
ECCV-2016-P0048,ECCV-2016-A000194,5
ECCV-2016-P0049,ECCV-2016-A000195,1
ECCV-2016-P0049,ECCV-2016-A000196,2
ECCV-2016-P0049,ECCV-2016-A000197,3
ECCV-2016-P0049,ECCV-2016-A000198,4
ECCV-2016-P0049,ECCV-2016-A000199,5
ECCV-2016-P0050,ECCV-2016-A000200,1
ECCV-2016-P0050,ECCV-2016-A000201,2
ECCV-2016-P0050,ECCV-2016-A000202,3
ECCV-2016-P0051,ECCV-2016-A000203,1
ECCV-2016-P0051,ECCV-2016-A000204,2
ECCV-2016-P0051,ECCV-2016-A000205,3
ECCV-2016-P0051,ECCV-2016-A000206,4
ECCV-2016-P0052,ECCV-2016-A000207,1
ECCV-2016-P0052,ECCV-2016-A000208,2
ECCV-2016-P0052,ECCV-2016-A000209,3
ECCV-2016-P0052,ECCV-2016-A000210,4
ECCV-2016-P0052,ECCV-2016-A000211,5
ECCV-2016-P0053,ECCV-2016-A000212,1
ECCV-2016-P0053,ECCV-2016-A000213,2
ECCV-2016-P0053,ECCV-2016-A000214,3
ECCV-2016-P0053,ECCV-2016-A000215,4
ECCV-2016-P0054,ECCV-2016-A000216,1
ECCV-2016-P0054,ECCV-2016-A000217,2
ECCV-2016-P0055,ECCV-2016-A000218,1
ECCV-2016-P0055,ECCV-2016-A000219,2
ECCV-2016-P0055,ECCV-2016-A000220,3
ECCV-2016-P0055,ECCV-2016-A000221,4
ECCV-2016-P0056,ECCV-2016-A000222,1
ECCV-2016-P0056,ECCV-2016-A000223,2
ECCV-2016-P0056,ECCV-2016-A000224,3
ECCV-2016-P0056,ECCV-2016-A000225,4
ECCV-2016-P0056,ECCV-2016-A000226,5
ECCV-2016-P0057,ECCV-2016-A000227,1
ECCV-2016-P0057,ECCV-2016-A000228,2
ECCV-2016-P0057,ECCV-2016-A000229,3
ECCV-2016-P0057,ECCV-2016-A000230,4
ECCV-2016-P0058,ECCV-2016-A000231,1
ECCV-2016-P0058,ECCV-2016-A000232,2
ECCV-2016-P0058,ECCV-2016-A000233,3
ECCV-2016-P0058,ECCV-2016-A000234,4
ECCV-2016-P0059,ECCV-2016-A000235,1
ECCV-2016-P0059,ECCV-2016-A000236,2
ECCV-2016-P0059,ECCV-2016-A000237,3
ECCV-2016-P0060,ECCV-2016-A000238,1
ECCV-2016-P0060,ECCV-2016-A000239,2
ECCV-2016-P0060,ECCV-2016-A000240,3
ECCV-2016-P0060,ECCV-2016-A000241,4
ECCV-2016-P0061,ECCV-2016-A000242,1
ECCV-2016-P0061,ECCV-2016-A000243,2
ECCV-2016-P0061,ECCV-2016-A000244,3
ECCV-2016-P0061,ECCV-2016-A000245,4
ECCV-2016-P0061,ECCV-2016-A000246,5
ECCV-2016-P0061,ECCV-2016-A000247,6
ECCV-2016-P0062,ECCV-2016-A000248,1
ECCV-2016-P0062,ECCV-2016-A000249,2
ECCV-2016-P0062,ECCV-2016-A000250,3
ECCV-2016-P0062,ECCV-2016-A000251,4
ECCV-2016-P0063,ECCV-2016-A000252,1
ECCV-2016-P0063,ECCV-2016-A000253,2
ECCV-2016-P0063,ECCV-2016-A000254,3
ECCV-2016-P0064,ECCV-2016-A000255,1
ECCV-2016-P0064,ECCV-2016-A000256,2
ECCV-2016-P0064,ECCV-2016-A000257,3
ECCV-2016-P0065,ECCV-2016-A000258,1
ECCV-2016-P0065,ECCV-2016-A000259,2
ECCV-2016-P0065,ECCV-2016-A000260,3
ECCV-2016-P0065,ECCV-2016-A000261,4
ECCV-2016-P0066,ECCV-2016-A000262,1
ECCV-2016-P0066,ECCV-2016-A000263,2
ECCV-2016-P0066,ECCV-2016-A000264,3
ECCV-2016-P0066,ECCV-2016-A000265,4
ECCV-2016-P0066,ECCV-2016-A000266,5
ECCV-2016-P0067,ECCV-2016-A000267,1
ECCV-2016-P0067,ECCV-2016-A000268,2
ECCV-2016-P0067,ECCV-2016-A000269,3
ECCV-2016-P0068,ECCV-2016-A000270,1
ECCV-2016-P0068,ECCV-2016-A000271,2
ECCV-2016-P0069,ECCV-2016-A000272,1
ECCV-2016-P0069,ECCV-2016-A000273,2
ECCV-2016-P0069,ECCV-2016-A000274,3
ECCV-2016-P0069,ECCV-2016-A000275,4
ECCV-2016-P0070,ECCV-2016-A000276,1
ECCV-2016-P0070,ECCV-2016-A000277,2
ECCV-2016-P0070,ECCV-2016-A000278,3
ECCV-2016-P0070,ECCV-2016-A000279,4
ECCV-2016-P0070,ECCV-2016-A000280,5
ECCV-2016-P0070,ECCV-2016-A000281,6
ECCV-2016-P0071,ECCV-2016-A000282,1
ECCV-2016-P0071,ECCV-2016-A000283,2
ECCV-2016-P0071,ECCV-2016-A000284,3
ECCV-2016-P0071,ECCV-2016-A000285,4
ECCV-2016-P0072,ECCV-2016-A000286,1
ECCV-2016-P0072,ECCV-2016-A000287,2
ECCV-2016-P0072,ECCV-2016-A000288,3
ECCV-2016-P0072,ECCV-2016-A000289,4
ECCV-2016-P0073,ECCV-2016-A000290,1
ECCV-2016-P0073,ECCV-2016-A000291,2
ECCV-2016-P0073,ECCV-2016-A000292,3
ECCV-2016-P0074,ECCV-2016-A000293,1
ECCV-2016-P0074,ECCV-2016-A000294,2
ECCV-2016-P0074,ECCV-2016-A000295,3
ECCV-2016-P0075,ECCV-2016-A000296,1
ECCV-2016-P0075,ECCV-2016-A000297,2
ECCV-2016-P0075,ECCV-2016-A000298,3
ECCV-2016-P0075,ECCV-2016-A000299,4
ECCV-2016-P0076,ECCV-2016-A000300,1
ECCV-2016-P0076,ECCV-2016-A000301,2
ECCV-2016-P0076,ECCV-2016-A000302,3
ECCV-2016-P0077,ECCV-2016-A000303,1
ECCV-2016-P0077,ECCV-2016-A000304,2
ECCV-2016-P0078,ECCV-2016-A000305,1
ECCV-2016-P0078,ECCV-2016-A000306,2
ECCV-2016-P0078,ECCV-2016-A000307,3
ECCV-2016-P0078,ECCV-2016-A000308,4
ECCV-2016-P0078,ECCV-2016-A000309,5
ECCV-2016-P0078,ECCV-2016-A000310,6
ECCV-2016-P0079,ECCV-2016-A000311,1
ECCV-2016-P0079,ECCV-2016-A000312,2
ECCV-2016-P0079,ECCV-2016-A000313,3
ECCV-2016-P0079,ECCV-2016-A000314,4
ECCV-2016-P0080,ECCV-2016-A000315,1
ECCV-2016-P0080,ECCV-2016-A000316,2
ECCV-2016-P0080,ECCV-2016-A000317,3
ECCV-2016-P0080,ECCV-2016-A000318,4
ECCV-2016-P0081,ECCV-2016-A000319,1
ECCV-2016-P0081,ECCV-2016-A000320,2
ECCV-2016-P0081,ECCV-2016-A000321,3
ECCV-2016-P0081,ECCV-2016-A000322,4
ECCV-2016-P0081,ECCV-2016-A000323,5
ECCV-2016-P0082,ECCV-2016-A000324,1
ECCV-2016-P0082,ECCV-2016-A000325,2
ECCV-2016-P0082,ECCV-2016-A000326,3
ECCV-2016-P0083,ECCV-2016-A000327,1
ECCV-2016-P0083,ECCV-2016-A000328,2
ECCV-2016-P0083,ECCV-2016-A000329,3
ECCV-2016-P0083,ECCV-2016-A000330,4
ECCV-2016-P0084,ECCV-2016-A000331,1
ECCV-2016-P0084,ECCV-2016-A000332,2
ECCV-2016-P0084,ECCV-2016-A000333,3
ECCV-2016-P0084,ECCV-2016-A000334,4
ECCV-2016-P0085,ECCV-2016-A000335,1
ECCV-2016-P0085,ECCV-2016-A000336,2
ECCV-2016-P0085,ECCV-2016-A000337,3
ECCV-2016-P0085,ECCV-2016-A000338,4
ECCV-2016-P0085,ECCV-2016-A000339,5
ECCV-2016-P0085,ECCV-2016-A000340,6
ECCV-2016-P0086,ECCV-2016-A000341,1
ECCV-2016-P0086,ECCV-2016-A000342,2
ECCV-2016-P0086,ECCV-2016-A000343,3
ECCV-2016-P0087,ECCV-2016-A000344,1
ECCV-2016-P0087,ECCV-2016-A000345,2
ECCV-2016-P0087,ECCV-2016-A000346,3
ECCV-2016-P0088,ECCV-2016-A000347,1
ECCV-2016-P0088,ECCV-2016-A000348,2
ECCV-2016-P0088,ECCV-2016-A000349,3
ECCV-2016-P0088,ECCV-2016-A000350,4
ECCV-2016-P0088,ECCV-2016-A000351,5
ECCV-2016-P0089,ECCV-2016-A000352,1
ECCV-2016-P0089,ECCV-2016-A000353,2
ECCV-2016-P0089,ECCV-2016-A000354,3
ECCV-2016-P0089,ECCV-2016-A000355,4
ECCV-2016-P0090,ECCV-2016-A000356,1
ECCV-2016-P0090,ECCV-2016-A000357,2
ECCV-2016-P0090,ECCV-2016-A000358,3
ECCV-2016-P0091,ECCV-2016-A000359,1
ECCV-2016-P0091,ECCV-2016-A000360,2
ECCV-2016-P0092,ECCV-2016-A000361,1
ECCV-2016-P0092,ECCV-2016-A000362,2
ECCV-2016-P0093,ECCV-2016-A000363,1
ECCV-2016-P0093,ECCV-2016-A000364,2
ECCV-2016-P0094,ECCV-2016-A000365,1
ECCV-2016-P0094,ECCV-2016-A000366,2
ECCV-2016-P0094,ECCV-2016-A000367,3
ECCV-2016-P0095,ECCV-2016-A000368,1
ECCV-2016-P0095,ECCV-2016-A000369,2
ECCV-2016-P0095,ECCV-2016-A000370,3
ECCV-2016-P0095,ECCV-2016-A000371,4
ECCV-2016-P0096,ECCV-2016-A000372,1
ECCV-2016-P0096,ECCV-2016-A000373,2
ECCV-2016-P0096,ECCV-2016-A000374,3
ECCV-2016-P0096,ECCV-2016-A000375,4
ECCV-2016-P0096,ECCV-2016-A000376,5
ECCV-2016-P0097,ECCV-2016-A000377,1
ECCV-2016-P0097,ECCV-2016-A000378,2
ECCV-2016-P0097,ECCV-2016-A000379,3
ECCV-2016-P0097,ECCV-2016-A000380,4
ECCV-2016-P0098,ECCV-2016-A000381,1
ECCV-2016-P0098,ECCV-2016-A000382,2
ECCV-2016-P0098,ECCV-2016-A000383,3
ECCV-2016-P0099,ECCV-2016-A000384,1
ECCV-2016-P0099,ECCV-2016-A000385,2
ECCV-2016-P0099,ECCV-2016-A000386,3
ECCV-2016-P0100,ECCV-2016-A000387,1
ECCV-2016-P0100,ECCV-2016-A000388,2
ECCV-2016-P0100,ECCV-2016-A000389,3
ECCV-2016-P0100,ECCV-2016-A000390,4
ECCV-2016-P0101,ECCV-2016-A000391,1
ECCV-2016-P0101,ECCV-2016-A000392,2
ECCV-2016-P0101,ECCV-2016-A000393,3
ECCV-2016-P0101,ECCV-2016-A000394,4
ECCV-2016-P0101,ECCV-2016-A000395,5
ECCV-2016-P0102,ECCV-2016-A000396,1
ECCV-2016-P0102,ECCV-2016-A000397,2
ECCV-2016-P0102,ECCV-2016-A000398,3
ECCV-2016-P0103,ECCV-2016-A000399,1
ECCV-2016-P0103,ECCV-2016-A000400,2
ECCV-2016-P0104,ECCV-2016-A000401,1
ECCV-2016-P0104,ECCV-2016-A000402,2
ECCV-2016-P0104,ECCV-2016-A000403,3
ECCV-2016-P0104,ECCV-2016-A000404,4
ECCV-2016-P0105,ECCV-2016-A000405,1
ECCV-2016-P0105,ECCV-2016-A000406,2
ECCV-2016-P0106,ECCV-2016-A000407,1
ECCV-2016-P0106,ECCV-2016-A000408,2
ECCV-2016-P0106,ECCV-2016-A000409,3
ECCV-2016-P0106,ECCV-2016-A000410,4
ECCV-2016-P0107,ECCV-2016-A000411,1
ECCV-2016-P0107,ECCV-2016-A000412,2
ECCV-2016-P0107,ECCV-2016-A000413,3
ECCV-2016-P0107,ECCV-2016-A000414,4
ECCV-2016-P0108,ECCV-2016-A000415,1
ECCV-2016-P0109,ECCV-2016-A000416,1
ECCV-2016-P0109,ECCV-2016-A000417,2
ECCV-2016-P0109,ECCV-2016-A000418,3
ECCV-2016-P0109,ECCV-2016-A000419,4
ECCV-2016-P0109,ECCV-2016-A000420,5
ECCV-2016-P0110,ECCV-2016-A000421,1
ECCV-2016-P0110,ECCV-2016-A000422,2
ECCV-2016-P0110,ECCV-2016-A000423,3
ECCV-2016-P0110,ECCV-2016-A000424,4
ECCV-2016-P0110,ECCV-2016-A000425,5
ECCV-2016-P0111,ECCV-2016-A000426,1
ECCV-2016-P0111,ECCV-2016-A000427,2
ECCV-2016-P0111,ECCV-2016-A000428,3
ECCV-2016-P0112,ECCV-2016-A000429,1
ECCV-2016-P0112,ECCV-2016-A000430,2
ECCV-2016-P0112,ECCV-2016-A000431,3
ECCV-2016-P0112,ECCV-2016-A000432,4
ECCV-2016-P0112,ECCV-2016-A000433,5
ECCV-2016-P0112,ECCV-2016-A000434,6
ECCV-2016-P0113,ECCV-2016-A000435,1
ECCV-2016-P0113,ECCV-2016-A000436,2
ECCV-2016-P0113,ECCV-2016-A000437,3
ECCV-2016-P0113,ECCV-2016-A000438,4
ECCV-2016-P0113,ECCV-2016-A000439,5
ECCV-2016-P0114,ECCV-2016-A000440,1
ECCV-2016-P0114,ECCV-2016-A000441,2
ECCV-2016-P0114,ECCV-2016-A000442,3
ECCV-2016-P0114,ECCV-2016-A000443,4
ECCV-2016-P0114,ECCV-2016-A000444,5
ECCV-2016-P0114,ECCV-2016-A000445,6
ECCV-2016-P0115,ECCV-2016-A000446,1
ECCV-2016-P0115,ECCV-2016-A000447,2
ECCV-2016-P0115,ECCV-2016-A000448,3
ECCV-2016-P0116,ECCV-2016-A000449,1
ECCV-2016-P0116,ECCV-2016-A000450,2
ECCV-2016-P0117,ECCV-2016-A000451,1
ECCV-2016-P0117,ECCV-2016-A000452,2
ECCV-2016-P0117,ECCV-2016-A000453,3
ECCV-2016-P0117,ECCV-2016-A000454,4
ECCV-2016-P0117,ECCV-2016-A000455,5
ECCV-2016-P0118,ECCV-2016-A000456,1
ECCV-2016-P0119,ECCV-2016-A000457,1
ECCV-2016-P0119,ECCV-2016-A000458,2
ECCV-2016-P0119,ECCV-2016-A000459,3
ECCV-2016-P0119,ECCV-2016-A000460,4
ECCV-2016-P0120,ECCV-2016-A000461,1
ECCV-2016-P0120,ECCV-2016-A000462,2
ECCV-2016-P0121,ECCV-2016-A000463,1
ECCV-2016-P0121,ECCV-2016-A000464,2
ECCV-2016-P0121,ECCV-2016-A000465,3
ECCV-2016-P0122,ECCV-2016-A000466,1
ECCV-2016-P0122,ECCV-2016-A000467,2
ECCV-2016-P0122,ECCV-2016-A000468,3
ECCV-2016-P0122,ECCV-2016-A000469,4
ECCV-2016-P0122,ECCV-2016-A000470,5
ECCV-2016-P0122,ECCV-2016-A000471,6
ECCV-2016-P0123,ECCV-2016-A000472,1
ECCV-2016-P0123,ECCV-2016-A000473,2
ECCV-2016-P0123,ECCV-2016-A000474,3
ECCV-2016-P0123,ECCV-2016-A000475,4
ECCV-2016-P0123,ECCV-2016-A000476,5
ECCV-2016-P0123,ECCV-2016-A000477,6
ECCV-2016-P0124,ECCV-2016-A000478,1
ECCV-2016-P0124,ECCV-2016-A000479,2
ECCV-2016-P0124,ECCV-2016-A000480,3
ECCV-2016-P0125,ECCV-2016-A000481,1
ECCV-2016-P0126,ECCV-2016-A000482,1
ECCV-2016-P0126,ECCV-2016-A000483,2
ECCV-2016-P0126,ECCV-2016-A000484,3
ECCV-2016-P0127,ECCV-2016-A000485,1
ECCV-2016-P0127,ECCV-2016-A000486,2
ECCV-2016-P0127,ECCV-2016-A000487,3
ECCV-2016-P0127,ECCV-2016-A000488,4
ECCV-2016-P0127,ECCV-2016-A000489,5
ECCV-2016-P0128,ECCV-2016-A000490,1
ECCV-2016-P0128,ECCV-2016-A000491,2
ECCV-2016-P0128,ECCV-2016-A000492,3
ECCV-2016-P0128,ECCV-2016-A000493,4
ECCV-2016-P0128,ECCV-2016-A000494,5
ECCV-2016-P0129,ECCV-2016-A000495,1
ECCV-2016-P0129,ECCV-2016-A000496,2
ECCV-2016-P0130,ECCV-2016-A000497,1
ECCV-2016-P0130,ECCV-2016-A000498,2
ECCV-2016-P0130,ECCV-2016-A000499,3
ECCV-2016-P0130,ECCV-2016-A000500,4
ECCV-2016-P0131,ECCV-2016-A000501,1
ECCV-2016-P0131,ECCV-2016-A000502,2
ECCV-2016-P0131,ECCV-2016-A000503,3
ECCV-2016-P0131,ECCV-2016-A000504,4
ECCV-2016-P0132,ECCV-2016-A000505,1
ECCV-2016-P0132,ECCV-2016-A000506,2
ECCV-2016-P0132,ECCV-2016-A000507,3
ECCV-2016-P0132,ECCV-2016-A000508,4
ECCV-2016-P0132,ECCV-2016-A000509,5
ECCV-2016-P0132,ECCV-2016-A000510,6
ECCV-2016-P0133,ECCV-2016-A000511,1
ECCV-2016-P0133,ECCV-2016-A000512,2
ECCV-2016-P0133,ECCV-2016-A000513,3
ECCV-2016-P0133,ECCV-2016-A000514,4
ECCV-2016-P0134,ECCV-2016-A000515,1
ECCV-2016-P0134,ECCV-2016-A000516,2
ECCV-2016-P0134,ECCV-2016-A000517,3
ECCV-2016-P0134,ECCV-2016-A000518,4
ECCV-2016-P0134,ECCV-2016-A000519,5
ECCV-2016-P0135,ECCV-2016-A000520,1
ECCV-2016-P0135,ECCV-2016-A000521,2
ECCV-2016-P0135,ECCV-2016-A000522,3
ECCV-2016-P0135,ECCV-2016-A000523,4
ECCV-2016-P0136,ECCV-2016-A000524,1
ECCV-2016-P0136,ECCV-2016-A000525,2
ECCV-2016-P0137,ECCV-2016-A000526,1
ECCV-2016-P0137,ECCV-2016-A000527,2
ECCV-2016-P0137,ECCV-2016-A000528,3
ECCV-2016-P0137,ECCV-2016-A000529,4
ECCV-2016-P0137,ECCV-2016-A000530,5
ECCV-2016-P0137,ECCV-2016-A000531,6
ECCV-2016-P0138,ECCV-2016-A000532,1
ECCV-2016-P0138,ECCV-2016-A000533,2
ECCV-2016-P0138,ECCV-2016-A000534,3
ECCV-2016-P0139,ECCV-2016-A000535,1
ECCV-2016-P0139,ECCV-2016-A000536,2
ECCV-2016-P0139,ECCV-2016-A000537,3
ECCV-2016-P0139,ECCV-2016-A000538,4
ECCV-2016-P0139,ECCV-2016-A000539,5
ECCV-2016-P0139,ECCV-2016-A000540,6
ECCV-2016-P0140,ECCV-2016-A000541,1
ECCV-2016-P0140,ECCV-2016-A000542,2
ECCV-2016-P0140,ECCV-2016-A000543,3
ECCV-2016-P0141,ECCV-2016-A000544,1
ECCV-2016-P0141,ECCV-2016-A000545,2
ECCV-2016-P0142,ECCV-2016-A000546,1
ECCV-2016-P0142,ECCV-2016-A000547,2
ECCV-2016-P0143,ECCV-2016-A000548,1
ECCV-2016-P0143,ECCV-2016-A000549,2
ECCV-2016-P0143,ECCV-2016-A000550,3
ECCV-2016-P0144,ECCV-2016-A000551,1
ECCV-2016-P0144,ECCV-2016-A000552,2
ECCV-2016-P0144,ECCV-2016-A000553,3
ECCV-2016-P0145,ECCV-2016-A000554,1
ECCV-2016-P0145,ECCV-2016-A000555,2
ECCV-2016-P0145,ECCV-2016-A000556,3
ECCV-2016-P0145,ECCV-2016-A000557,4
ECCV-2016-P0145,ECCV-2016-A000558,5
ECCV-2016-P0146,ECCV-2016-A000559,1
ECCV-2016-P0146,ECCV-2016-A000560,2
ECCV-2016-P0146,ECCV-2016-A000561,3
ECCV-2016-P0147,ECCV-2016-A000562,1
ECCV-2016-P0147,ECCV-2016-A000563,2
ECCV-2016-P0148,ECCV-2016-A000564,1
ECCV-2016-P0148,ECCV-2016-A000565,2
ECCV-2016-P0148,ECCV-2016-A000566,3
ECCV-2016-P0148,ECCV-2016-A000567,4
ECCV-2016-P0149,ECCV-2016-A000568,1
ECCV-2016-P0149,ECCV-2016-A000569,2
ECCV-2016-P0149,ECCV-2016-A000570,3
ECCV-2016-P0149,ECCV-2016-A000571,4
ECCV-2016-P0150,ECCV-2016-A000572,1
ECCV-2016-P0150,ECCV-2016-A000573,2
ECCV-2016-P0150,ECCV-2016-A000574,3
ECCV-2016-P0151,ECCV-2016-A000575,1
ECCV-2016-P0151,ECCV-2016-A000576,2
ECCV-2016-P0151,ECCV-2016-A000577,3
ECCV-2016-P0151,ECCV-2016-A000578,4
ECCV-2016-P0152,ECCV-2016-A000579,1
ECCV-2016-P0152,ECCV-2016-A000580,2
ECCV-2016-P0152,ECCV-2016-A000581,3
ECCV-2016-P0152,ECCV-2016-A000582,4
ECCV-2016-P0153,ECCV-2016-A000583,1
ECCV-2016-P0153,ECCV-2016-A000584,2
ECCV-2016-P0153,ECCV-2016-A000585,3
ECCV-2016-P0153,ECCV-2016-A000586,4
ECCV-2016-P0154,ECCV-2016-A000587,1
ECCV-2016-P0154,ECCV-2016-A000588,2
ECCV-2016-P0154,ECCV-2016-A000589,3
ECCV-2016-P0154,ECCV-2016-A000590,4
ECCV-2016-P0155,ECCV-2016-A000591,1
ECCV-2016-P0155,ECCV-2016-A000592,2
ECCV-2016-P0155,ECCV-2016-A000593,3
ECCV-2016-P0155,ECCV-2016-A000594,4
ECCV-2016-P0156,ECCV-2016-A000595,1
ECCV-2016-P0156,ECCV-2016-A000596,2
ECCV-2016-P0156,ECCV-2016-A000597,3
ECCV-2016-P0156,ECCV-2016-A000598,4
ECCV-2016-P0157,ECCV-2016-A000599,1
ECCV-2016-P0157,ECCV-2016-A000600,2
ECCV-2016-P0157,ECCV-2016-A000601,3
ECCV-2016-P0157,ECCV-2016-A000602,4
ECCV-2016-P0157,ECCV-2016-A000603,5
ECCV-2016-P0157,ECCV-2016-A000604,6
ECCV-2016-P0158,ECCV-2016-A000605,1
ECCV-2016-P0158,ECCV-2016-A000606,2
ECCV-2016-P0158,ECCV-2016-A000607,3
ECCV-2016-P0158,ECCV-2016-A000608,4
ECCV-2016-P0158,ECCV-2016-A000609,5
ECCV-2016-P0158,ECCV-2016-A000610,6
ECCV-2016-P0159,ECCV-2016-A000611,1
ECCV-2016-P0159,ECCV-2016-A000612,2
ECCV-2016-P0159,ECCV-2016-A000613,3
ECCV-2016-P0159,ECCV-2016-A000614,4
ECCV-2016-P0159,ECCV-2016-A000615,5
ECCV-2016-P0159,ECCV-2016-A000616,6
ECCV-2016-P0160,ECCV-2016-A000617,1
ECCV-2016-P0160,ECCV-2016-A000618,2
ECCV-2016-P0160,ECCV-2016-A000619,3
ECCV-2016-P0161,ECCV-2016-A000620,1
ECCV-2016-P0161,ECCV-2016-A000621,2
ECCV-2016-P0161,ECCV-2016-A000622,3
ECCV-2016-P0162,ECCV-2016-A000623,1
ECCV-2016-P0162,ECCV-2016-A000624,2
ECCV-2016-P0162,ECCV-2016-A000625,3
ECCV-2016-P0163,ECCV-2016-A000626,1
ECCV-2016-P0163,ECCV-2016-A000627,2
ECCV-2016-P0163,ECCV-2016-A000628,3
ECCV-2016-P0163,ECCV-2016-A000629,4
ECCV-2016-P0164,ECCV-2016-A000630,1
ECCV-2016-P0164,ECCV-2016-A000631,2
ECCV-2016-P0164,ECCV-2016-A000632,3
ECCV-2016-P0165,ECCV-2016-A000633,1
ECCV-2016-P0165,ECCV-2016-A000634,2
ECCV-2016-P0165,ECCV-2016-A000635,3
ECCV-2016-P0165,ECCV-2016-A000636,4
ECCV-2016-P0166,ECCV-2016-A000637,1
ECCV-2016-P0166,ECCV-2016-A000638,2
ECCV-2016-P0166,ECCV-2016-A000639,3
ECCV-2016-P0167,ECCV-2016-A000640,1
ECCV-2016-P0167,ECCV-2016-A000641,2
ECCV-2016-P0167,ECCV-2016-A000642,3
ECCV-2016-P0167,ECCV-2016-A000643,4
ECCV-2016-P0168,ECCV-2016-A000644,1
ECCV-2016-P0168,ECCV-2016-A000645,2
ECCV-2016-P0168,ECCV-2016-A000646,3
ECCV-2016-P0169,ECCV-2016-A000647,1
ECCV-2016-P0169,ECCV-2016-A000648,2
ECCV-2016-P0170,ECCV-2016-A000649,1
ECCV-2016-P0170,ECCV-2016-A000650,2
ECCV-2016-P0170,ECCV-2016-A000651,3
ECCV-2016-P0170,ECCV-2016-A000652,4
ECCV-2016-P0170,ECCV-2016-A000653,5
ECCV-2016-P0171,ECCV-2016-A000654,1
ECCV-2016-P0171,ECCV-2016-A000655,2
ECCV-2016-P0172,ECCV-2016-A000656,1
ECCV-2016-P0172,ECCV-2016-A000657,2
ECCV-2016-P0172,ECCV-2016-A000658,3
ECCV-2016-P0172,ECCV-2016-A000659,4
ECCV-2016-P0172,ECCV-2016-A000660,5
ECCV-2016-P0172,ECCV-2016-A000661,6
ECCV-2016-P0173,ECCV-2016-A000662,1
ECCV-2016-P0173,ECCV-2016-A000663,2
ECCV-2016-P0173,ECCV-2016-A000664,3
ECCV-2016-P0173,ECCV-2016-A000665,4
ECCV-2016-P0173,ECCV-2016-A000666,5
ECCV-2016-P0173,ECCV-2016-A000667,6
ECCV-2016-P0174,ECCV-2016-A000668,1
ECCV-2016-P0174,ECCV-2016-A000669,2
ECCV-2016-P0174,ECCV-2016-A000670,3
ECCV-2016-P0174,ECCV-2016-A000671,4
ECCV-2016-P0175,ECCV-2016-A000672,1
ECCV-2016-P0175,ECCV-2016-A000673,2
ECCV-2016-P0175,ECCV-2016-A000674,3
ECCV-2016-P0175,ECCV-2016-A000675,4
ECCV-2016-P0175,ECCV-2016-A000676,5
ECCV-2016-P0176,ECCV-2016-A000677,1
ECCV-2016-P0176,ECCV-2016-A000678,2
ECCV-2016-P0176,ECCV-2016-A000679,3
ECCV-2016-P0177,ECCV-2016-A000680,1
ECCV-2016-P0177,ECCV-2016-A000681,2
ECCV-2016-P0178,ECCV-2016-A000682,1
ECCV-2016-P0178,ECCV-2016-A000683,2
ECCV-2016-P0178,ECCV-2016-A000684,3
ECCV-2016-P0178,ECCV-2016-A000685,4
ECCV-2016-P0178,ECCV-2016-A000686,5
ECCV-2016-P0179,ECCV-2016-A000687,1
ECCV-2016-P0179,ECCV-2016-A000688,2
ECCV-2016-P0179,ECCV-2016-A000689,3
ECCV-2016-P0179,ECCV-2016-A000690,4
ECCV-2016-P0180,ECCV-2016-A000691,1
ECCV-2016-P0180,ECCV-2016-A000692,2
ECCV-2016-P0180,ECCV-2016-A000693,3
ECCV-2016-P0181,ECCV-2016-A000694,1
ECCV-2016-P0181,ECCV-2016-A000695,2
ECCV-2016-P0181,ECCV-2016-A000696,3
ECCV-2016-P0182,ECCV-2016-A000697,1
ECCV-2016-P0182,ECCV-2016-A000698,2
ECCV-2016-P0182,ECCV-2016-A000699,3
ECCV-2016-P0182,ECCV-2016-A000700,4
ECCV-2016-P0183,ECCV-2016-A000701,1
ECCV-2016-P0183,ECCV-2016-A000702,2
ECCV-2016-P0183,ECCV-2016-A000703,3
ECCV-2016-P0184,ECCV-2016-A000704,1
ECCV-2016-P0184,ECCV-2016-A000705,2
ECCV-2016-P0184,ECCV-2016-A000706,3
ECCV-2016-P0184,ECCV-2016-A000707,4
ECCV-2016-P0185,ECCV-2016-A000708,1
ECCV-2016-P0185,ECCV-2016-A000709,2
ECCV-2016-P0186,ECCV-2016-A000710,1
ECCV-2016-P0186,ECCV-2016-A000711,2
ECCV-2016-P0186,ECCV-2016-A000712,3
ECCV-2016-P0186,ECCV-2016-A000713,4
ECCV-2016-P0187,ECCV-2016-A000714,1
ECCV-2016-P0187,ECCV-2016-A000715,2
ECCV-2016-P0187,ECCV-2016-A000716,3
ECCV-2016-P0188,ECCV-2016-A000717,1
ECCV-2016-P0188,ECCV-2016-A000718,2
ECCV-2016-P0188,ECCV-2016-A000719,3
ECCV-2016-P0188,ECCV-2016-A000720,4
ECCV-2016-P0188,ECCV-2016-A000721,5
ECCV-2016-P0189,ECCV-2016-A000722,1
ECCV-2016-P0189,ECCV-2016-A000723,2
ECCV-2016-P0189,ECCV-2016-A000724,3
ECCV-2016-P0189,ECCV-2016-A000725,4
ECCV-2016-P0190,ECCV-2016-A000726,1
ECCV-2016-P0190,ECCV-2016-A000727,2
ECCV-2016-P0190,ECCV-2016-A000728,3
ECCV-2016-P0190,ECCV-2016-A000729,4
ECCV-2016-P0190,ECCV-2016-A000730,5
ECCV-2016-P0191,ECCV-2016-A000731,1
ECCV-2016-P0191,ECCV-2016-A000732,2
ECCV-2016-P0191,ECCV-2016-A000733,3
ECCV-2016-P0192,ECCV-2016-A000734,1
ECCV-2016-P0192,ECCV-2016-A000735,2
ECCV-2016-P0192,ECCV-2016-A000736,3
ECCV-2016-P0193,ECCV-2016-A000737,1
ECCV-2016-P0193,ECCV-2016-A000738,2
ECCV-2016-P0193,ECCV-2016-A000739,3
ECCV-2016-P0193,ECCV-2016-A000740,4
ECCV-2016-P0193,ECCV-2016-A000741,5
ECCV-2016-P0194,ECCV-2016-A000742,1
ECCV-2016-P0194,ECCV-2016-A000743,2
ECCV-2016-P0195,ECCV-2016-A000744,1
ECCV-2016-P0195,ECCV-2016-A000745,2
ECCV-2016-P0195,ECCV-2016-A000746,3
ECCV-2016-P0195,ECCV-2016-A000747,4
ECCV-2016-P0196,ECCV-2016-A000748,1
ECCV-2016-P0196,ECCV-2016-A000749,2
ECCV-2016-P0196,ECCV-2016-A000750,3
ECCV-2016-P0196,ECCV-2016-A000751,4
ECCV-2016-P0196,ECCV-2016-A000752,5
ECCV-2016-P0197,ECCV-2016-A000753,1
ECCV-2016-P0197,ECCV-2016-A000754,2
ECCV-2016-P0197,ECCV-2016-A000755,3
ECCV-2016-P0198,ECCV-2016-A000756,1
ECCV-2016-P0198,ECCV-2016-A000757,2
ECCV-2016-P0198,ECCV-2016-A000758,3
ECCV-2016-P0198,ECCV-2016-A000759,4
ECCV-2016-P0198,ECCV-2016-A000760,5
ECCV-2016-P0198,ECCV-2016-A000761,6
ECCV-2016-P0199,ECCV-2016-A000762,1
ECCV-2016-P0199,ECCV-2016-A000763,2
ECCV-2016-P0200,ECCV-2016-A000764,1
ECCV-2016-P0200,ECCV-2016-A000765,2
ECCV-2016-P0200,ECCV-2016-A000766,3
ECCV-2016-P0201,ECCV-2016-A000767,1
ECCV-2016-P0201,ECCV-2016-A000768,2
ECCV-2016-P0201,ECCV-2016-A000769,3
ECCV-2016-P0202,ECCV-2016-A000770,1
ECCV-2016-P0202,ECCV-2016-A000771,2
ECCV-2016-P0203,ECCV-2016-A000772,1
ECCV-2016-P0203,ECCV-2016-A000773,2
ECCV-2016-P0203,ECCV-2016-A000774,3
ECCV-2016-P0204,ECCV-2016-A000775,1
ECCV-2016-P0204,ECCV-2016-A000776,2
ECCV-2016-P0204,ECCV-2016-A000777,3
ECCV-2016-P0204,ECCV-2016-A000778,4
ECCV-2016-P0205,ECCV-2016-A000779,1
ECCV-2016-P0205,ECCV-2016-A000780,2
ECCV-2016-P0205,ECCV-2016-A000781,3
ECCV-2016-P0206,ECCV-2016-A000782,1
ECCV-2016-P0206,ECCV-2016-A000783,2
ECCV-2016-P0206,ECCV-2016-A000784,3
ECCV-2016-P0207,ECCV-2016-A000785,1
ECCV-2016-P0207,ECCV-2016-A000786,2
ECCV-2016-P0207,ECCV-2016-A000787,3
ECCV-2016-P0207,ECCV-2016-A000788,4
ECCV-2016-P0207,ECCV-2016-A000789,5
ECCV-2016-P0208,ECCV-2016-A000790,1
ECCV-2016-P0208,ECCV-2016-A000791,2
ECCV-2016-P0208,ECCV-2016-A000792,3
ECCV-2016-P0209,ECCV-2016-A000793,1
ECCV-2016-P0209,ECCV-2016-A000794,2
ECCV-2016-P0209,ECCV-2016-A000795,3
ECCV-2016-P0209,ECCV-2016-A000796,4
ECCV-2016-P0210,ECCV-2016-A000797,1
ECCV-2016-P0210,ECCV-2016-A000798,2
ECCV-2016-P0210,ECCV-2016-A000799,3
ECCV-2016-P0210,ECCV-2016-A000800,4
ECCV-2016-P0210,ECCV-2016-A000801,5
ECCV-2016-P0211,ECCV-2016-A000802,1
ECCV-2016-P0211,ECCV-2016-A000803,2
ECCV-2016-P0211,ECCV-2016-A000804,3
ECCV-2016-P0212,ECCV-2016-A000805,1
ECCV-2016-P0212,ECCV-2016-A000806,2
ECCV-2016-P0212,ECCV-2016-A000807,3
ECCV-2016-P0213,ECCV-2016-A000808,1
ECCV-2016-P0213,ECCV-2016-A000809,2
ECCV-2016-P0213,ECCV-2016-A000810,3
ECCV-2016-P0214,ECCV-2016-A000811,1
ECCV-2016-P0214,ECCV-2016-A000812,2
ECCV-2016-P0214,ECCV-2016-A000813,3
ECCV-2016-P0215,ECCV-2016-A000814,1
ECCV-2016-P0215,ECCV-2016-A000815,2
ECCV-2016-P0216,ECCV-2016-A000816,1
ECCV-2016-P0216,ECCV-2016-A000817,2
ECCV-2016-P0217,ECCV-2016-A000818,1
ECCV-2016-P0217,ECCV-2016-A000819,2
ECCV-2016-P0217,ECCV-2016-A000820,3
ECCV-2016-P0217,ECCV-2016-A000821,4
ECCV-2016-P0218,ECCV-2016-A000822,1
ECCV-2016-P0218,ECCV-2016-A000823,2
ECCV-2016-P0218,ECCV-2016-A000824,3
ECCV-2016-P0218,ECCV-2016-A000825,4
ECCV-2016-P0219,ECCV-2016-A000826,1
ECCV-2016-P0219,ECCV-2016-A000827,2
ECCV-2016-P0220,ECCV-2016-A000828,1
ECCV-2016-P0221,ECCV-2016-A000829,1
ECCV-2016-P0221,ECCV-2016-A000830,2
ECCV-2016-P0222,ECCV-2016-A000831,1
ECCV-2016-P0222,ECCV-2016-A000832,2
ECCV-2016-P0222,ECCV-2016-A000833,3
ECCV-2016-P0223,ECCV-2016-A000834,1
ECCV-2016-P0223,ECCV-2016-A000835,2
ECCV-2016-P0223,ECCV-2016-A000836,3
ECCV-2016-P0224,ECCV-2016-A000837,1
ECCV-2016-P0224,ECCV-2016-A000838,2
ECCV-2016-P0225,ECCV-2016-A000839,1
ECCV-2016-P0225,ECCV-2016-A000840,2
ECCV-2016-P0226,ECCV-2016-A000841,1
ECCV-2016-P0226,ECCV-2016-A000842,2
ECCV-2016-P0226,ECCV-2016-A000843,3
ECCV-2016-P0226,ECCV-2016-A000844,4
ECCV-2016-P0226,ECCV-2016-A000845,5
ECCV-2016-P0226,ECCV-2016-A000846,6
ECCV-2016-P0227,ECCV-2016-A000847,1
ECCV-2016-P0227,ECCV-2016-A000848,2
ECCV-2016-P0228,ECCV-2016-A000849,1
ECCV-2016-P0228,ECCV-2016-A000850,2
ECCV-2016-P0229,ECCV-2016-A000851,1
ECCV-2016-P0229,ECCV-2016-A000852,2
ECCV-2016-P0230,ECCV-2016-A000853,1
ECCV-2016-P0230,ECCV-2016-A000854,2
ECCV-2016-P0230,ECCV-2016-A000855,3
ECCV-2016-P0231,ECCV-2016-A000856,1
ECCV-2016-P0231,ECCV-2016-A000857,2
ECCV-2016-P0231,ECCV-2016-A000858,3
ECCV-2016-P0231,ECCV-2016-A000859,4
ECCV-2016-P0232,ECCV-2016-A000860,1
ECCV-2016-P0232,ECCV-2016-A000861,2
ECCV-2016-P0232,ECCV-2016-A000862,3
ECCV-2016-P0232,ECCV-2016-A000863,4
ECCV-2016-P0233,ECCV-2016-A000864,1
ECCV-2016-P0233,ECCV-2016-A000865,2
ECCV-2016-P0233,ECCV-2016-A000866,3
ECCV-2016-P0233,ECCV-2016-A000867,4
ECCV-2016-P0234,ECCV-2016-A000868,1
ECCV-2016-P0234,ECCV-2016-A000869,2
ECCV-2016-P0234,ECCV-2016-A000870,3
ECCV-2016-P0234,ECCV-2016-A000871,4
ECCV-2016-P0234,ECCV-2016-A000872,5
ECCV-2016-P0235,ECCV-2016-A000873,1
ECCV-2016-P0235,ECCV-2016-A000874,2
ECCV-2016-P0235,ECCV-2016-A000875,3
ECCV-2016-P0235,ECCV-2016-A000876,4
ECCV-2016-P0235,ECCV-2016-A000877,5
ECCV-2016-P0235,ECCV-2016-A000878,6
ECCV-2016-P0236,ECCV-2016-A000879,1
ECCV-2016-P0236,ECCV-2016-A000880,2
ECCV-2016-P0236,ECCV-2016-A000881,3
ECCV-2016-P0237,ECCV-2016-A000882,1
ECCV-2016-P0237,ECCV-2016-A000883,2
ECCV-2016-P0238,ECCV-2016-A000884,1
ECCV-2016-P0238,ECCV-2016-A000885,2
ECCV-2016-P0238,ECCV-2016-A000886,3
ECCV-2016-P0238,ECCV-2016-A000887,4
ECCV-2016-P0239,ECCV-2016-A000888,1
ECCV-2016-P0239,ECCV-2016-A000889,2
ECCV-2016-P0240,ECCV-2016-A000890,1
ECCV-2016-P0240,ECCV-2016-A000891,2
ECCV-2016-P0240,ECCV-2016-A000892,3
ECCV-2016-P0240,ECCV-2016-A000893,4
ECCV-2016-P0240,ECCV-2016-A000894,5
ECCV-2016-P0240,ECCV-2016-A000895,6
ECCV-2016-P0241,ECCV-2016-A000896,1
ECCV-2016-P0241,ECCV-2016-A000897,2
ECCV-2016-P0242,ECCV-2016-A000898,1
ECCV-2016-P0242,ECCV-2016-A000899,2
ECCV-2016-P0242,ECCV-2016-A000900,3
ECCV-2016-P0242,ECCV-2016-A000901,4
ECCV-2016-P0243,ECCV-2016-A000902,1
ECCV-2016-P0243,ECCV-2016-A000903,2
ECCV-2016-P0243,ECCV-2016-A000904,3
ECCV-2016-P0243,ECCV-2016-A000905,4
ECCV-2016-P0243,ECCV-2016-A000906,5
ECCV-2016-P0243,ECCV-2016-A000907,6
ECCV-2016-P0244,ECCV-2016-A000908,1
ECCV-2016-P0244,ECCV-2016-A000909,2
ECCV-2016-P0244,ECCV-2016-A000910,3
ECCV-2016-P0244,ECCV-2016-A000911,4
ECCV-2016-P0244,ECCV-2016-A000912,5
ECCV-2016-P0245,ECCV-2016-A000913,1
ECCV-2016-P0245,ECCV-2016-A000914,2
ECCV-2016-P0245,ECCV-2016-A000915,3
ECCV-2016-P0245,ECCV-2016-A000916,4
ECCV-2016-P0246,ECCV-2016-A000917,1
ECCV-2016-P0246,ECCV-2016-A000918,2
ECCV-2016-P0246,ECCV-2016-A000919,3
ECCV-2016-P0246,ECCV-2016-A000920,4
ECCV-2016-P0247,ECCV-2016-A000921,1
ECCV-2016-P0247,ECCV-2016-A000922,2
ECCV-2016-P0247,ECCV-2016-A000923,3
ECCV-2016-P0247,ECCV-2016-A000924,4
ECCV-2016-P0247,ECCV-2016-A000925,5
ECCV-2016-P0247,ECCV-2016-A000926,6
ECCV-2016-P0248,ECCV-2016-A000927,1
ECCV-2016-P0248,ECCV-2016-A000928,2
ECCV-2016-P0248,ECCV-2016-A000929,3
ECCV-2016-P0248,ECCV-2016-A000930,4
ECCV-2016-P0249,ECCV-2016-A000931,1
ECCV-2016-P0249,ECCV-2016-A000932,2
ECCV-2016-P0249,ECCV-2016-A000933,3
ECCV-2016-P0249,ECCV-2016-A000934,4
ECCV-2016-P0249,ECCV-2016-A000935,5
ECCV-2016-P0250,ECCV-2016-A000936,1
ECCV-2016-P0250,ECCV-2016-A000937,2
ECCV-2016-P0250,ECCV-2016-A000938,3
ECCV-2016-P0251,ECCV-2016-A000939,1
ECCV-2016-P0251,ECCV-2016-A000940,2
ECCV-2016-P0251,ECCV-2016-A000941,3
ECCV-2016-P0252,ECCV-2016-A000942,1
ECCV-2016-P0253,ECCV-2016-A000943,1
ECCV-2016-P0253,ECCV-2016-A000944,2
ECCV-2016-P0253,ECCV-2016-A000945,3
ECCV-2016-P0254,ECCV-2016-A000946,1
ECCV-2016-P0254,ECCV-2016-A000947,2
ECCV-2016-P0254,ECCV-2016-A000948,3
ECCV-2016-P0254,ECCV-2016-A000949,4
ECCV-2016-P0255,ECCV-2016-A000950,1
ECCV-2016-P0255,ECCV-2016-A000951,2
ECCV-2016-P0256,ECCV-2016-A000952,1
ECCV-2016-P0256,ECCV-2016-A000953,2
ECCV-2016-P0256,ECCV-2016-A000954,3
ECCV-2016-P0256,ECCV-2016-A000955,4
ECCV-2016-P0257,ECCV-2016-A000956,1
ECCV-2016-P0257,ECCV-2016-A000957,2
ECCV-2016-P0257,ECCV-2016-A000958,3
ECCV-2016-P0258,ECCV-2016-A000959,1
ECCV-2016-P0258,ECCV-2016-A000960,2
ECCV-2016-P0258,ECCV-2016-A000961,3
ECCV-2016-P0258,ECCV-2016-A000962,4
ECCV-2016-P0258,ECCV-2016-A000963,5
ECCV-2016-P0258,ECCV-2016-A000964,6
ECCV-2016-P0259,ECCV-2016-A000965,1
ECCV-2016-P0259,ECCV-2016-A000966,2
ECCV-2016-P0259,ECCV-2016-A000967,3
ECCV-2016-P0260,ECCV-2016-A000968,1
ECCV-2016-P0260,ECCV-2016-A000969,2
ECCV-2016-P0260,ECCV-2016-A000970,3
ECCV-2016-P0260,ECCV-2016-A000971,4
ECCV-2016-P0261,ECCV-2016-A000972,1
ECCV-2016-P0261,ECCV-2016-A000973,2
ECCV-2016-P0261,ECCV-2016-A000974,3
ECCV-2016-P0261,ECCV-2016-A000975,4
ECCV-2016-P0261,ECCV-2016-A000976,5
ECCV-2016-P0261,ECCV-2016-A000977,6
ECCV-2016-P0262,ECCV-2016-A000978,1
ECCV-2016-P0262,ECCV-2016-A000979,2
ECCV-2016-P0263,ECCV-2016-A000980,1
ECCV-2016-P0263,ECCV-2016-A000981,2
ECCV-2016-P0263,ECCV-2016-A000982,3
ECCV-2016-P0264,ECCV-2016-A000983,1
ECCV-2016-P0264,ECCV-2016-A000984,2
ECCV-2016-P0265,ECCV-2016-A000985,1
ECCV-2016-P0265,ECCV-2016-A000986,2
ECCV-2016-P0265,ECCV-2016-A000987,3
ECCV-2016-P0265,ECCV-2016-A000988,4
ECCV-2016-P0265,ECCV-2016-A000989,5
ECCV-2016-P0266,ECCV-2016-A000990,1
ECCV-2016-P0266,ECCV-2016-A000991,2
ECCV-2016-P0267,ECCV-2016-A000992,1
ECCV-2016-P0267,ECCV-2016-A000993,2
ECCV-2016-P0268,ECCV-2016-A000994,1
ECCV-2016-P0268,ECCV-2016-A000995,2
ECCV-2016-P0269,ECCV-2016-A000996,1
ECCV-2016-P0269,ECCV-2016-A000997,2
ECCV-2016-P0269,ECCV-2016-A000998,3
ECCV-2016-P0270,ECCV-2016-A000999,1
ECCV-2016-P0270,ECCV-2016-A001000,2
ECCV-2016-P0271,ECCV-2016-A001001,1
ECCV-2016-P0271,ECCV-2016-A001002,2
ECCV-2016-P0272,ECCV-2016-A001003,1
ECCV-2016-P0272,ECCV-2016-A001004,2
ECCV-2016-P0272,ECCV-2016-A001005,3
ECCV-2016-P0272,ECCV-2016-A001006,4
ECCV-2016-P0273,ECCV-2016-A001007,1
ECCV-2016-P0273,ECCV-2016-A001008,2
ECCV-2016-P0273,ECCV-2016-A001009,3
ECCV-2016-P0273,ECCV-2016-A001010,4
ECCV-2016-P0274,ECCV-2016-A001011,1
ECCV-2016-P0274,ECCV-2016-A001012,2
ECCV-2016-P0274,ECCV-2016-A001013,3
ECCV-2016-P0274,ECCV-2016-A001014,4
ECCV-2016-P0274,ECCV-2016-A001015,5
ECCV-2016-P0275,ECCV-2016-A001016,1
ECCV-2016-P0275,ECCV-2016-A001017,2
ECCV-2016-P0275,ECCV-2016-A001018,3
ECCV-2016-P0275,ECCV-2016-A001019,4
ECCV-2016-P0276,ECCV-2016-A001020,1
ECCV-2016-P0276,ECCV-2016-A001021,2
ECCV-2016-P0276,ECCV-2016-A001022,3
ECCV-2016-P0277,ECCV-2016-A001023,1
ECCV-2016-P0277,ECCV-2016-A001024,2
ECCV-2016-P0277,ECCV-2016-A001025,3
ECCV-2016-P0277,ECCV-2016-A001026,4
ECCV-2016-P0278,ECCV-2016-A001027,1
ECCV-2016-P0278,ECCV-2016-A001028,2
ECCV-2016-P0278,ECCV-2016-A001029,3
ECCV-2016-P0279,ECCV-2016-A001030,1
ECCV-2016-P0279,ECCV-2016-A001031,2
ECCV-2016-P0279,ECCV-2016-A001032,3
ECCV-2016-P0279,ECCV-2016-A001033,4
ECCV-2016-P0279,ECCV-2016-A001034,5
ECCV-2016-P0279,ECCV-2016-A001035,6
ECCV-2016-P0280,ECCV-2016-A001036,1
ECCV-2016-P0280,ECCV-2016-A001037,2
ECCV-2016-P0281,ECCV-2016-A001038,1
ECCV-2016-P0281,ECCV-2016-A001039,2
ECCV-2016-P0282,ECCV-2016-A001040,1
ECCV-2016-P0282,ECCV-2016-A001041,2
ECCV-2016-P0282,ECCV-2016-A001042,3
ECCV-2016-P0282,ECCV-2016-A001043,4
ECCV-2016-P0283,ECCV-2016-A001044,1
ECCV-2016-P0283,ECCV-2016-A001045,2
ECCV-2016-P0283,ECCV-2016-A001046,3
ECCV-2016-P0284,ECCV-2016-A001047,1
ECCV-2016-P0284,ECCV-2016-A001048,2
ECCV-2016-P0284,ECCV-2016-A001049,3
ECCV-2016-P0284,ECCV-2016-A001050,4
ECCV-2016-P0284,ECCV-2016-A001051,5
ECCV-2016-P0284,ECCV-2016-A001052,6
ECCV-2016-P0285,ECCV-2016-A001053,1
ECCV-2016-P0285,ECCV-2016-A001054,2
ECCV-2016-P0285,ECCV-2016-A001055,3
ECCV-2016-P0285,ECCV-2016-A001056,4
ECCV-2016-P0286,ECCV-2016-A001057,1
ECCV-2016-P0286,ECCV-2016-A001058,2
ECCV-2016-P0286,ECCV-2016-A001059,3
ECCV-2016-P0286,ECCV-2016-A001060,4
ECCV-2016-P0286,ECCV-2016-A001061,5
ECCV-2016-P0286,ECCV-2016-A001062,6
ECCV-2016-P0287,ECCV-2016-A001063,1
ECCV-2016-P0287,ECCV-2016-A001064,2
ECCV-2016-P0287,ECCV-2016-A001065,3
ECCV-2016-P0288,ECCV-2016-A001066,1
ECCV-2016-P0288,ECCV-2016-A001067,2
ECCV-2016-P0288,ECCV-2016-A001068,3
ECCV-2016-P0288,ECCV-2016-A001069,4
ECCV-2016-P0288,ECCV-2016-A001070,5
ECCV-2016-P0288,ECCV-2016-A001071,6
ECCV-2016-P0289,ECCV-2016-A001072,1
ECCV-2016-P0289,ECCV-2016-A001073,2
ECCV-2016-P0289,ECCV-2016-A001074,3
ECCV-2016-P0290,ECCV-2016-A001075,1
ECCV-2016-P0290,ECCV-2016-A001076,2
ECCV-2016-P0290,ECCV-2016-A001077,3
ECCV-2016-P0290,ECCV-2016-A001078,4
ECCV-2016-P0291,ECCV-2016-A001079,1
ECCV-2016-P0291,ECCV-2016-A001080,2
ECCV-2016-P0291,ECCV-2016-A001081,3
ECCV-2016-P0291,ECCV-2016-A001082,4
ECCV-2016-P0292,ECCV-2016-A001083,1
ECCV-2016-P0292,ECCV-2016-A001084,2
ECCV-2016-P0292,ECCV-2016-A001085,3
ECCV-2016-P0292,ECCV-2016-A001086,4
ECCV-2016-P0293,ECCV-2016-A001087,1
ECCV-2016-P0293,ECCV-2016-A001088,2
ECCV-2016-P0293,ECCV-2016-A001089,3
ECCV-2016-P0293,ECCV-2016-A001090,4
ECCV-2016-P0294,ECCV-2016-A001091,1
ECCV-2016-P0294,ECCV-2016-A001092,2
ECCV-2016-P0294,ECCV-2016-A001093,3
ECCV-2016-P0294,ECCV-2016-A001094,4
ECCV-2016-P0294,ECCV-2016-A001095,5
ECCV-2016-P0295,ECCV-2016-A001096,1
ECCV-2016-P0295,ECCV-2016-A001097,2
ECCV-2016-P0295,ECCV-2016-A001098,3
ECCV-2016-P0296,ECCV-2016-A001099,1
ECCV-2016-P0296,ECCV-2016-A001100,2
ECCV-2016-P0296,ECCV-2016-A001101,3
ECCV-2016-P0297,ECCV-2016-A001102,1
ECCV-2016-P0297,ECCV-2016-A001103,2
ECCV-2016-P0297,ECCV-2016-A001104,3
ECCV-2016-P0297,ECCV-2016-A001105,4
ECCV-2016-P0297,ECCV-2016-A001106,5
ECCV-2016-P0298,ECCV-2016-A001107,1
ECCV-2016-P0298,ECCV-2016-A001108,2
ECCV-2016-P0299,ECCV-2016-A001109,1
ECCV-2016-P0299,ECCV-2016-A001110,2
ECCV-2016-P0300,ECCV-2016-A001111,1
ECCV-2016-P0300,ECCV-2016-A001112,2
ECCV-2016-P0300,ECCV-2016-A001113,3
ECCV-2016-P0300,ECCV-2016-A001114,4
ECCV-2016-P0301,ECCV-2016-A001115,1
ECCV-2016-P0301,ECCV-2016-A001116,2
ECCV-2016-P0302,ECCV-2016-A001117,1
ECCV-2016-P0302,ECCV-2016-A001118,2
ECCV-2016-P0302,ECCV-2016-A001119,3
ECCV-2016-P0302,ECCV-2016-A001120,4
ECCV-2016-P0302,ECCV-2016-A001121,5
ECCV-2016-P0303,ECCV-2016-A001122,1
ECCV-2016-P0303,ECCV-2016-A001123,2
ECCV-2016-P0303,ECCV-2016-A001124,3
ECCV-2016-P0303,ECCV-2016-A001125,4
ECCV-2016-P0304,ECCV-2016-A001126,1
ECCV-2016-P0304,ECCV-2016-A001127,2
ECCV-2016-P0304,ECCV-2016-A001128,3
ECCV-2016-P0304,ECCV-2016-A001129,4
ECCV-2016-P0304,ECCV-2016-A001130,5
ECCV-2016-P0304,ECCV-2016-A001131,6
ECCV-2016-P0305,ECCV-2016-A001132,1
ECCV-2016-P0305,ECCV-2016-A001133,2
ECCV-2016-P0305,ECCV-2016-A001134,3
ECCV-2016-P0305,ECCV-2016-A001135,4
ECCV-2016-P0305,ECCV-2016-A001136,5
ECCV-2016-P0305,ECCV-2016-A001137,6
ECCV-2016-P0306,ECCV-2016-A001138,1
ECCV-2016-P0306,ECCV-2016-A001139,2
ECCV-2016-P0306,ECCV-2016-A001140,3
ECCV-2016-P0307,ECCV-2016-A001141,1
ECCV-2016-P0307,ECCV-2016-A001142,2
ECCV-2016-P0308,ECCV-2016-A001143,1
ECCV-2016-P0308,ECCV-2016-A001144,2
ECCV-2016-P0308,ECCV-2016-A001145,3
ECCV-2016-P0308,ECCV-2016-A001146,4
ECCV-2016-P0308,ECCV-2016-A001147,5
ECCV-2016-P0309,ECCV-2016-A001148,1
ECCV-2016-P0309,ECCV-2016-A001149,2
ECCV-2016-P0309,ECCV-2016-A001150,3
ECCV-2016-P0309,ECCV-2016-A001151,4
ECCV-2016-P0310,ECCV-2016-A001152,1
ECCV-2016-P0310,ECCV-2016-A001153,2
ECCV-2016-P0310,ECCV-2016-A001154,3
ECCV-2016-P0310,ECCV-2016-A001155,4
ECCV-2016-P0310,ECCV-2016-A001156,5
ECCV-2016-P0311,ECCV-2016-A001157,1
ECCV-2016-P0311,ECCV-2016-A001158,2
ECCV-2016-P0311,ECCV-2016-A001159,3
ECCV-2016-P0311,ECCV-2016-A001160,4
ECCV-2016-P0311,ECCV-2016-A001161,5
ECCV-2016-P0312,ECCV-2016-A001162,1
ECCV-2016-P0312,ECCV-2016-A001163,2
ECCV-2016-P0312,ECCV-2016-A001164,3
ECCV-2016-P0312,ECCV-2016-A001165,4
ECCV-2016-P0313,ECCV-2016-A001166,1
ECCV-2016-P0313,ECCV-2016-A001167,2
ECCV-2016-P0314,ECCV-2016-A001168,1
ECCV-2016-P0314,ECCV-2016-A001169,2
ECCV-2016-P0314,ECCV-2016-A001170,3
ECCV-2016-P0314,ECCV-2016-A001171,4
ECCV-2016-P0314,ECCV-2016-A001172,5
ECCV-2016-P0314,ECCV-2016-A001173,6
ECCV-2016-P0315,ECCV-2016-A001174,1
ECCV-2016-P0315,ECCV-2016-A001175,2
ECCV-2016-P0315,ECCV-2016-A001176,3
ECCV-2016-P0315,ECCV-2016-A001177,4
ECCV-2016-P0316,ECCV-2016-A001178,1
ECCV-2016-P0316,ECCV-2016-A001179,2
ECCV-2016-P0317,ECCV-2016-A001180,1
ECCV-2016-P0317,ECCV-2016-A001181,2
ECCV-2016-P0317,ECCV-2016-A001182,3
ECCV-2016-P0318,ECCV-2016-A001183,1
ECCV-2016-P0318,ECCV-2016-A001184,2
ECCV-2016-P0318,ECCV-2016-A001185,3
ECCV-2016-P0319,ECCV-2016-A001186,1
ECCV-2016-P0319,ECCV-2016-A001187,2
ECCV-2016-P0319,ECCV-2016-A001188,3
ECCV-2016-P0319,ECCV-2016-A001189,4
ECCV-2016-P0320,ECCV-2016-A001190,1
ECCV-2016-P0320,ECCV-2016-A001191,2
ECCV-2016-P0320,ECCV-2016-A001192,3
ECCV-2016-P0320,ECCV-2016-A001193,4
ECCV-2016-P0321,ECCV-2016-A001194,1
ECCV-2016-P0321,ECCV-2016-A001195,2
ECCV-2016-P0321,ECCV-2016-A001196,3
ECCV-2016-P0321,ECCV-2016-A001197,4
ECCV-2016-P0321,ECCV-2016-A001198,5
ECCV-2016-P0322,ECCV-2016-A001199,1
ECCV-2016-P0322,ECCV-2016-A001200,2
ECCV-2016-P0322,ECCV-2016-A001201,3
ECCV-2016-P0322,ECCV-2016-A001202,4
ECCV-2016-P0322,ECCV-2016-A001203,5
ECCV-2016-P0323,ECCV-2016-A001204,1
ECCV-2016-P0323,ECCV-2016-A001205,2
ECCV-2016-P0323,ECCV-2016-A001206,3
ECCV-2016-P0323,ECCV-2016-A001207,4
ECCV-2016-P0323,ECCV-2016-A001208,5
ECCV-2016-P0324,ECCV-2016-A001209,1
ECCV-2016-P0324,ECCV-2016-A001210,2
ECCV-2016-P0324,ECCV-2016-A001211,3
ECCV-2016-P0325,ECCV-2016-A001212,1
ECCV-2016-P0325,ECCV-2016-A001213,2
ECCV-2016-P0326,ECCV-2016-A001214,1
ECCV-2016-P0326,ECCV-2016-A001215,2
ECCV-2016-P0326,ECCV-2016-A001216,3
ECCV-2016-P0327,ECCV-2016-A001217,1
ECCV-2016-P0327,ECCV-2016-A001218,2
ECCV-2016-P0327,ECCV-2016-A001219,3
ECCV-2016-P0327,ECCV-2016-A001220,4
ECCV-2016-P0327,ECCV-2016-A001221,5
ECCV-2016-P0327,ECCV-2016-A001222,6
ECCV-2016-P0328,ECCV-2016-A001223,1
ECCV-2016-P0328,ECCV-2016-A001224,2
ECCV-2016-P0328,ECCV-2016-A001225,3
ECCV-2016-P0328,ECCV-2016-A001226,4
ECCV-2016-P0329,ECCV-2016-A001227,1
ECCV-2016-P0329,ECCV-2016-A001228,2
ECCV-2016-P0329,ECCV-2016-A001229,3
ECCV-2016-P0330,ECCV-2016-A001230,1
ECCV-2016-P0330,ECCV-2016-A001231,2
ECCV-2016-P0330,ECCV-2016-A001232,3
ECCV-2016-P0331,ECCV-2016-A001233,1
ECCV-2016-P0331,ECCV-2016-A001234,2
ECCV-2016-P0331,ECCV-2016-A001235,3
ECCV-2016-P0331,ECCV-2016-A001236,4
ECCV-2016-P0331,ECCV-2016-A001237,5
ECCV-2016-P0331,ECCV-2016-A001238,6
ECCV-2016-P0332,ECCV-2016-A001239,1
ECCV-2016-P0332,ECCV-2016-A001240,2
ECCV-2016-P0332,ECCV-2016-A001241,3
ECCV-2016-P0332,ECCV-2016-A001242,4
ECCV-2016-P0332,ECCV-2016-A001243,5
ECCV-2016-P0333,ECCV-2016-A001244,1
ECCV-2016-P0333,ECCV-2016-A001245,2
ECCV-2016-P0333,ECCV-2016-A001246,3
ECCV-2016-P0334,ECCV-2016-A001247,1
ECCV-2016-P0334,ECCV-2016-A001248,2
ECCV-2016-P0334,ECCV-2016-A001249,3
ECCV-2016-P0335,ECCV-2016-A001250,1
ECCV-2016-P0335,ECCV-2016-A001251,2
ECCV-2016-P0335,ECCV-2016-A001252,3
ECCV-2016-P0335,ECCV-2016-A001253,4
ECCV-2016-P0336,ECCV-2016-A001254,1
ECCV-2016-P0336,ECCV-2016-A001255,2
ECCV-2016-P0336,ECCV-2016-A001256,3
ECCV-2016-P0336,ECCV-2016-A001257,4
ECCV-2016-P0336,ECCV-2016-A001258,5
ECCV-2016-P0337,ECCV-2016-A001259,1
ECCV-2016-P0337,ECCV-2016-A001260,2
ECCV-2016-P0337,ECCV-2016-A001261,3
ECCV-2016-P0337,ECCV-2016-A001262,4
ECCV-2016-P0337,ECCV-2016-A001263,5
ECCV-2016-P0338,ECCV-2016-A001264,1
ECCV-2016-P0338,ECCV-2016-A001265,2
ECCV-2016-P0338,ECCV-2016-A001266,3
ECCV-2016-P0339,ECCV-2016-A001267,1
ECCV-2016-P0339,ECCV-2016-A001268,2
ECCV-2016-P0340,ECCV-2016-A001269,1
ECCV-2016-P0340,ECCV-2016-A001270,2
ECCV-2016-P0340,ECCV-2016-A001271,3
ECCV-2016-P0340,ECCV-2016-A001272,4
ECCV-2016-P0340,ECCV-2016-A001273,5
ECCV-2016-P0340,ECCV-2016-A001274,6
ECCV-2016-P0341,ECCV-2016-A001275,1
ECCV-2016-P0341,ECCV-2016-A001276,2
ECCV-2016-P0341,ECCV-2016-A001277,3
ECCV-2016-P0342,ECCV-2016-A001278,1
ECCV-2016-P0342,ECCV-2016-A001279,2
ECCV-2016-P0343,ECCV-2016-A001280,1
ECCV-2016-P0343,ECCV-2016-A001281,2
ECCV-2016-P0343,ECCV-2016-A001282,3
ECCV-2016-P0344,ECCV-2016-A001283,1
ECCV-2016-P0344,ECCV-2016-A001284,2
ECCV-2016-P0344,ECCV-2016-A001285,3
ECCV-2016-P0345,ECCV-2016-A001286,1
ECCV-2016-P0345,ECCV-2016-A001287,2
ECCV-2016-P0345,ECCV-2016-A001288,3
ECCV-2016-P0345,ECCV-2016-A001289,4
ECCV-2016-P0346,ECCV-2016-A001290,1
ECCV-2016-P0346,ECCV-2016-A001291,2
ECCV-2016-P0346,ECCV-2016-A001292,3
ECCV-2016-P0347,ECCV-2016-A001293,1
ECCV-2016-P0347,ECCV-2016-A001294,2
ECCV-2016-P0348,ECCV-2016-A001295,1
ECCV-2016-P0348,ECCV-2016-A001296,2
ECCV-2016-P0348,ECCV-2016-A001297,3
ECCV-2016-P0348,ECCV-2016-A001298,4
ECCV-2016-P0349,ECCV-2016-A001299,1
ECCV-2016-P0349,ECCV-2016-A001300,2
ECCV-2016-P0349,ECCV-2016-A001301,3
ECCV-2016-P0349,ECCV-2016-A001302,4
ECCV-2016-P0350,ECCV-2016-A001303,1
ECCV-2016-P0350,ECCV-2016-A001304,2
ECCV-2016-P0350,ECCV-2016-A001305,3
ECCV-2016-P0351,ECCV-2016-A001306,1
ECCV-2016-P0351,ECCV-2016-A001307,2
ECCV-2016-P0352,ECCV-2016-A001308,1
ECCV-2016-P0352,ECCV-2016-A001309,2
ECCV-2016-P0353,ECCV-2016-A001310,1
ECCV-2016-P0353,ECCV-2016-A001311,2
ECCV-2016-P0354,ECCV-2016-A001312,1
ECCV-2016-P0354,ECCV-2016-A001313,2
ECCV-2016-P0354,ECCV-2016-A001314,3
ECCV-2016-P0354,ECCV-2016-A001315,4
ECCV-2016-P0355,ECCV-2016-A001316,1
ECCV-2016-P0355,ECCV-2016-A001317,2
ECCV-2016-P0355,ECCV-2016-A001318,3
ECCV-2016-P0355,ECCV-2016-A001319,4
ECCV-2016-P0355,ECCV-2016-A001320,5
ECCV-2016-P0356,ECCV-2016-A001321,1
ECCV-2016-P0356,ECCV-2016-A001322,2
ECCV-2016-P0356,ECCV-2016-A001323,3
ECCV-2016-P0356,ECCV-2016-A001324,4
ECCV-2016-P0356,ECCV-2016-A001325,5
ECCV-2016-P0357,ECCV-2016-A001326,1
ECCV-2016-P0357,ECCV-2016-A001327,2
ECCV-2016-P0357,ECCV-2016-A001328,3
ECCV-2016-P0357,ECCV-2016-A001329,4
ECCV-2016-P0358,ECCV-2016-A001330,1
ECCV-2016-P0358,ECCV-2016-A001331,2
ECCV-2016-P0359,ECCV-2016-A001332,1
ECCV-2016-P0359,ECCV-2016-A001333,2
ECCV-2016-P0359,ECCV-2016-A001334,3
ECCV-2016-P0359,ECCV-2016-A001335,4
ECCV-2016-P0359,ECCV-2016-A001336,5
ECCV-2016-P0360,ECCV-2016-A001337,1
ECCV-2016-P0360,ECCV-2016-A001338,2
ECCV-2016-P0360,ECCV-2016-A001339,3
ECCV-2016-P0360,ECCV-2016-A001340,4
ECCV-2016-P0361,ECCV-2016-A001341,1
ECCV-2016-P0361,ECCV-2016-A001342,2
ECCV-2016-P0361,ECCV-2016-A001343,3
ECCV-2016-P0361,ECCV-2016-A001344,4
ECCV-2016-P0362,ECCV-2016-A001345,1
ECCV-2016-P0362,ECCV-2016-A001346,2
ECCV-2016-P0363,ECCV-2016-A001347,1
ECCV-2016-P0363,ECCV-2016-A001348,2
ECCV-2016-P0363,ECCV-2016-A001349,3
ECCV-2016-P0364,ECCV-2016-A001350,1
ECCV-2016-P0364,ECCV-2016-A001351,2
ECCV-2016-P0364,ECCV-2016-A001352,3
ECCV-2016-P0364,ECCV-2016-A001353,4
ECCV-2016-P0364,ECCV-2016-A001354,5
ECCV-2016-P0365,ECCV-2016-A001355,1
ECCV-2016-P0365,ECCV-2016-A001356,2
ECCV-2016-P0365,ECCV-2016-A001357,3
ECCV-2016-P0365,ECCV-2016-A001358,4
ECCV-2016-P0366,ECCV-2016-A001359,1
ECCV-2016-P0366,ECCV-2016-A001360,2
ECCV-2016-P0366,ECCV-2016-A001361,3
ECCV-2016-P0367,ECCV-2016-A001362,1
ECCV-2016-P0367,ECCV-2016-A001363,2
ECCV-2016-P0367,ECCV-2016-A001364,3
ECCV-2016-P0368,ECCV-2016-A001365,1
ECCV-2016-P0368,ECCV-2016-A001366,2
ECCV-2016-P0368,ECCV-2016-A001367,3
ECCV-2016-P0368,ECCV-2016-A001368,4
ECCV-2016-P0368,ECCV-2016-A001369,5
ECCV-2016-P0368,ECCV-2016-A001370,6
ECCV-2016-P0369,ECCV-2016-A001371,1
ECCV-2016-P0369,ECCV-2016-A001372,2
ECCV-2016-P0369,ECCV-2016-A001373,3
ECCV-2016-P0370,ECCV-2016-A001374,1
ECCV-2016-P0370,ECCV-2016-A001375,2
ECCV-2016-P0370,ECCV-2016-A001376,3
ECCV-2016-P0370,ECCV-2016-A001377,4
ECCV-2016-P0370,ECCV-2016-A001378,5
ECCV-2016-P0371,ECCV-2016-A001379,1
ECCV-2016-P0371,ECCV-2016-A001380,2
ECCV-2016-P0371,ECCV-2016-A001381,3
ECCV-2016-P0371,ECCV-2016-A001382,4
ECCV-2016-P0371,ECCV-2016-A001383,5
ECCV-2016-P0371,ECCV-2016-A001384,6
ECCV-2016-P0372,ECCV-2016-A001385,1
ECCV-2016-P0372,ECCV-2016-A001386,2
ECCV-2016-P0372,ECCV-2016-A001387,3
ECCV-2016-P0372,ECCV-2016-A001388,4
ECCV-2016-P0372,ECCV-2016-A001389,5
ECCV-2016-P0373,ECCV-2016-A001390,1
ECCV-2016-P0373,ECCV-2016-A001391,2
ECCV-2016-P0373,ECCV-2016-A001392,3
ECCV-2016-P0374,ECCV-2016-A001393,1
ECCV-2016-P0375,ECCV-2016-A001394,1
ECCV-2016-P0375,ECCV-2016-A001395,2
ECCV-2016-P0375,ECCV-2016-A001396,3
ECCV-2016-P0375,ECCV-2016-A001397,4
ECCV-2016-P0376,ECCV-2016-A001398,1
ECCV-2016-P0376,ECCV-2016-A001399,2
ECCV-2016-P0376,ECCV-2016-A001400,3
ECCV-2016-P0376,ECCV-2016-A001401,4
ECCV-2016-P0376,ECCV-2016-A001402,5
ECCV-2016-P0376,ECCV-2016-A001403,6
ECCV-2016-P0377,ECCV-2016-A001404,1
ECCV-2016-P0377,ECCV-2016-A001405,2
ECCV-2016-P0377,ECCV-2016-A001406,3
ECCV-2016-P0378,ECCV-2016-A001407,1
ECCV-2016-P0378,ECCV-2016-A001408,2
ECCV-2016-P0378,ECCV-2016-A001409,3
ECCV-2016-P0378,ECCV-2016-A001410,4
ECCV-2016-P0379,ECCV-2016-A001411,1
ECCV-2016-P0379,ECCV-2016-A001412,2
ECCV-2016-P0379,ECCV-2016-A001413,3
ECCV-2016-P0380,ECCV-2016-A001414,1
ECCV-2016-P0380,ECCV-2016-A001415,2
ECCV-2016-P0380,ECCV-2016-A001416,3
ECCV-2016-P0381,ECCV-2016-A001417,1
ECCV-2016-P0381,ECCV-2016-A001418,2
ECCV-2016-P0381,ECCV-2016-A001419,3
ECCV-2016-P0382,ECCV-2016-A001420,1
ECCV-2016-P0382,ECCV-2016-A001421,2
ECCV-2016-P0383,ECCV-2016-A001422,1
ECCV-2016-P0383,ECCV-2016-A001423,2
ECCV-2016-P0384,ECCV-2016-A001424,1
ECCV-2016-P0384,ECCV-2016-A001425,2
ECCV-2016-P0384,ECCV-2016-A001426,3
ECCV-2016-P0385,ECCV-2016-A001427,1
ECCV-2016-P0385,ECCV-2016-A001428,2
ECCV-2016-P0385,ECCV-2016-A001429,3
ECCV-2016-P0385,ECCV-2016-A001430,4
ECCV-2016-P0386,ECCV-2016-A001431,1
ECCV-2016-P0386,ECCV-2016-A001432,2
ECCV-2016-P0386,ECCV-2016-A001433,3
ECCV-2016-P0386,ECCV-2016-A001434,4
ECCV-2016-P0386,ECCV-2016-A001435,5
ECCV-2016-P0387,ECCV-2016-A001436,1
ECCV-2016-P0387,ECCV-2016-A001437,2
ECCV-2016-P0387,ECCV-2016-A001438,3
ECCV-2016-P0388,ECCV-2016-A001439,1
ECCV-2016-P0388,ECCV-2016-A001440,2
ECCV-2016-P0388,ECCV-2016-A001441,3
ECCV-2016-P0388,ECCV-2016-A001442,4
ECCV-2016-P0388,ECCV-2016-A001443,5
ECCV-2016-P0389,ECCV-2016-A001444,1
ECCV-2016-P0389,ECCV-2016-A001445,2
ECCV-2016-P0390,ECCV-2016-A001446,1
ECCV-2016-P0390,ECCV-2016-A001447,2
ECCV-2016-P0390,ECCV-2016-A001448,3
ECCV-2016-P0391,ECCV-2016-A001449,1
ECCV-2016-P0391,ECCV-2016-A001450,2
ECCV-2016-P0391,ECCV-2016-A001451,3
ECCV-2016-P0391,ECCV-2016-A001452,4
ECCV-2016-P0391,ECCV-2016-A001453,5
ECCV-2016-P0391,ECCV-2016-A001454,6
ECCV-2016-P0392,ECCV-2016-A001455,1
ECCV-2016-P0392,ECCV-2016-A001456,2
ECCV-2016-P0393,ECCV-2016-A001457,1
ECCV-2016-P0393,ECCV-2016-A001458,2
ECCV-2016-P0393,ECCV-2016-A001459,3
ECCV-2016-P0393,ECCV-2016-A001460,4
ECCV-2016-P0393,ECCV-2016-A001461,5
ECCV-2016-P0394,ECCV-2016-A001462,1
ECCV-2016-P0394,ECCV-2016-A001463,2
ECCV-2016-P0395,ECCV-2016-A001464,1
ECCV-2016-P0395,ECCV-2016-A001465,2
ECCV-2016-P0395,ECCV-2016-A001466,3
ECCV-2016-P0396,ECCV-2016-A001467,1
ECCV-2016-P0396,ECCV-2016-A001468,2
ECCV-2016-P0396,ECCV-2016-A001469,3
ECCV-2016-P0397,ECCV-2016-A001470,1
ECCV-2016-P0397,ECCV-2016-A001471,2
ECCV-2016-P0397,ECCV-2016-A001472,3
ECCV-2016-P0397,ECCV-2016-A001473,4
ECCV-2016-P0397,ECCV-2016-A001474,5
ECCV-2016-P0398,ECCV-2016-A001475,1
ECCV-2016-P0398,ECCV-2016-A001476,2
ECCV-2016-P0398,ECCV-2016-A001477,3
ECCV-2016-P0399,ECCV-2016-A001478,1
ECCV-2016-P0399,ECCV-2016-A001479,2
ECCV-2016-P0399,ECCV-2016-A001480,3
ECCV-2016-P0399,ECCV-2016-A001481,4
ECCV-2016-P0400,ECCV-2016-A001482,1
ECCV-2016-P0400,ECCV-2016-A001483,2
ECCV-2016-P0400,ECCV-2016-A001484,3
ECCV-2016-P0401,ECCV-2016-A001485,1
ECCV-2016-P0401,ECCV-2016-A001486,2
ECCV-2016-P0401,ECCV-2016-A001487,3
ECCV-2016-P0401,ECCV-2016-A001488,4
ECCV-2016-P0401,ECCV-2016-A001489,5
ECCV-2016-P0402,ECCV-2016-A001490,1
ECCV-2016-P0402,ECCV-2016-A001491,2
ECCV-2016-P0402,ECCV-2016-A001492,3
ECCV-2016-P0402,ECCV-2016-A001493,4
ECCV-2016-P0402,ECCV-2016-A001494,5
ECCV-2016-P0402,ECCV-2016-A001495,6
ECCV-2016-P0403,ECCV-2016-A001496,1
ECCV-2016-P0403,ECCV-2016-A001497,2
ECCV-2016-P0403,ECCV-2016-A001498,3
ECCV-2016-P0404,ECCV-2016-A001499,1
ECCV-2016-P0404,ECCV-2016-A001500,2
ECCV-2016-P0404,ECCV-2016-A001501,3
ECCV-2016-P0404,ECCV-2016-A001502,4
ECCV-2016-P0404,ECCV-2016-A001503,5
ECCV-2016-P0405,ECCV-2016-A001504,1
ECCV-2016-P0405,ECCV-2016-A001505,2
ECCV-2016-P0405,ECCV-2016-A001506,3
ECCV-2016-P0405,ECCV-2016-A001507,4
ECCV-2016-P0406,ECCV-2016-A001508,1
ECCV-2016-P0406,ECCV-2016-A001509,2
ECCV-2016-P0406,ECCV-2016-A001510,3
ECCV-2016-P0406,ECCV-2016-A001511,4
ECCV-2016-P0406,ECCV-2016-A001512,5
ECCV-2016-P0407,ECCV-2016-A001513,1
ECCV-2016-P0407,ECCV-2016-A001514,2
ECCV-2016-P0407,ECCV-2016-A001515,3
ECCV-2016-P0407,ECCV-2016-A001516,4
ECCV-2016-P0408,ECCV-2016-A001517,1
ECCV-2016-P0408,ECCV-2016-A001518,2
ECCV-2016-P0408,ECCV-2016-A001519,3
ECCV-2016-P0408,ECCV-2016-A001520,4
ECCV-2016-P0408,ECCV-2016-A001521,5
ECCV-2016-P0409,ECCV-2016-A001522,1
ECCV-2016-P0409,ECCV-2016-A001523,2
ECCV-2016-P0409,ECCV-2016-A001524,3
ECCV-2016-P0409,ECCV-2016-A001525,4
ECCV-2016-P0410,ECCV-2016-A001526,1
ECCV-2016-P0410,ECCV-2016-A001527,2
ECCV-2016-P0410,ECCV-2016-A001528,3
ECCV-2016-P0411,ECCV-2016-A001529,1
ECCV-2016-P0411,ECCV-2016-A001530,2
ECCV-2016-P0411,ECCV-2016-A001531,3
ECCV-2016-P0411,ECCV-2016-A001532,4
ECCV-2016-P0412,ECCV-2016-A001533,1
ECCV-2016-P0412,ECCV-2016-A001534,2
ECCV-2016-P0412,ECCV-2016-A001535,3
ECCV-2016-P0412,ECCV-2016-A001536,4
ECCV-2016-P0412,ECCV-2016-A001537,5
ECCV-2016-P0412,ECCV-2016-A001538,6
ECCV-2016-P0413,ECCV-2016-A001539,1
ECCV-2016-P0413,ECCV-2016-A001540,2
ECCV-2016-P0413,ECCV-2016-A001541,3
ECCV-2016-P0413,ECCV-2016-A001542,4
ECCV-2016-P0414,ECCV-2016-A001543,1
ECCV-2016-P0414,ECCV-2016-A001544,2
ECCV-2016-P0414,ECCV-2016-A001545,3
ECCV-2016-P0415,ECCV-2016-A001546,1
ECCV-2016-P0415,ECCV-2016-A001547,2
