author_id,author_name,institution,existing_country,llm_country,llm_confidence,llm_reason,applied
NEURIPS-2015-A000027,Akihiro Kishimoto,"IBM Research, Ireland",UNKNOWN,Ireland,high,The institution name explicitly includes 'Ireland'.,yes
NEURIPS-2015-A000028,Radu Marinescu,"IBM Research, Ireland",UNKNOWN,Ireland,high,The institution name explicitly includes 'Ireland'.,yes
NEURIPS-2015-A000029,Adi Botea,"IBM Research, Ireland",UNKNOWN,Ireland,high,The institution name explicitly includes 'Ireland'.,yes
NEURIPS-2015-A000033,Kai-Yang Chiang,University of Texas at Austin University of California at Davis ∗,UNKNOWN,United States,high,Both 'University of Texas at Austin' and 'University of California at Davis' are well-known universities located in the United States.,yes
NEURIPS-2015-A000034,Cho-Jui Hsieh,University of Texas at Austin University of California at Davis ∗,UNKNOWN,United States,high,Both 'University of Texas at Austin' and 'University of California at Davis' are well-known universities located in the United States.,yes
NEURIPS-2015-A000060,Kai Zhong,University of Texas at Austin University of California at Davis ∗,UNKNOWN,United States,high,Both 'University of Texas at Austin' and 'University of California at Davis' are well-known universities located in the United States.,yes
NEURIPS-2015-A000061,Cho-Jui Hsieh,University of Texas at Austin University of California at Davis ∗,UNKNOWN,United States,high,Both 'University of Texas at Austin' and 'University of California at Davis' are well-known universities located in the United States.,yes
NEURIPS-2015-A000041,Danilo Bzdok,"Methods for neuroimaging research can be grouped by discovering neurobiological structure or assessing the neural correlates associated with mental tasks. To discover, on the one hand, spatial",UNKNOWN,UNKNOWN,low,The institution string describes a general topic in neuroimaging research and does not contain any specific institution or country-related information.,no
NEURIPS-2015-A000042,Michael Eickenberg,"Methods for neuroimaging research can be grouped by discovering neurobiological structure or assessing the neural correlates associated with mental tasks. To discover, on the one hand, spatial",UNKNOWN,UNKNOWN,low,The institution string describes a general topic in neuroimaging research and does not contain any specific institution or country-related information.,no
NEURIPS-2015-A000043,Olivier Grisel,"Methods for neuroimaging research can be grouped by discovering neurobiological structure or assessing the neural correlates associated with mental tasks. To discover, on the one hand, spatial",UNKNOWN,UNKNOWN,low,The institution string describes a general topic in neuroimaging research and does not contain any specific institution or country-related information.,no
NEURIPS-2015-A000044,Bertrand Thirion,"Methods for neuroimaging research can be grouped by discovering neurobiological structure or assessing the neural correlates associated with mental tasks. To discover, on the one hand, spatial",UNKNOWN,UNKNOWN,low,The institution string describes a general topic in neuroimaging research and does not contain any specific institution or country-related information.,no
NEURIPS-2015-A000045,Gael Varoquaux,"Methods for neuroimaging research can be grouped by discovering neurobiological structure or assessing the neural correlates associated with mental tasks. To discover, on the one hand, spatial",UNKNOWN,UNKNOWN,low,The institution string describes a general topic in neuroimaging research and does not contain any specific institution or country-related information.,no
NEURIPS-2015-A000047,Zhourong Chen,Department of Computer Science and Engineering Hong Kong University of Science and Technology,UNKNOWN,Hong Kong,high,"The institution name explicitly mentions 'Hong Kong University of Science and Technology', which is located in Hong Kong.",yes
NEURIPS-2015-A000048,Hao Wang,Department of Computer Science and Engineering Hong Kong University of Science and Technology,UNKNOWN,Hong Kong,high,"The institution name explicitly mentions 'Hong Kong University of Science and Technology', which is located in Hong Kong.",yes
NEURIPS-2015-A000049,Dit-Yan Yeung,Department of Computer Science and Engineering Hong Kong University of Science and Technology,UNKNOWN,Hong Kong,high,"The institution name explicitly mentions 'Hong Kong University of Science and Technology', which is located in Hong Kong.",yes
NEURIPS-2015-A000080,Richard Combes,"Department of Automatic Control, KTH, Stockholm, SWEDEN",UNKNOWN,Sweden,high,The institution string explicitly mentions 'SWEDEN' as the country.,yes
NEURIPS-2015-A000081,Mohammad Sadegh Talebi Mazraeh Shahi,"Department of Automatic Control, KTH, Stockholm, SWEDEN",UNKNOWN,Sweden,high,The institution string explicitly mentions 'SWEDEN' as the country.,yes
NEURIPS-2015-A000082,Alexandre Proutiere,"Department of Automatic Control, KTH, Stockholm, SWEDEN",UNKNOWN,Sweden,high,The institution string explicitly mentions 'SWEDEN' as the country.,yes
NEURIPS-2015-A000083,marc lelarge,"Department of Automatic Control, KTH, Stockholm, SWEDEN",UNKNOWN,Sweden,high,The institution string explicitly mentions 'SWEDEN' as the country.,yes
NEURIPS-2015-A000084,Tzu-Kuo Huang,"Microsoft Research, NYC",UNKNOWN,United States,high,"NYC refers to New York City, which is located in the United States.",yes
NEURIPS-2015-A000085,Alekh Agarwal,"Microsoft Research, NYC Daniel Hsu Columbia University",UNKNOWN,United States,high,The presence of 'NYC' (New York City) and 'Columbia University' strongly indicates the United States.,yes
NEURIPS-2015-A000093,Kenji Kawaguchi,especially by means of a Gaussian process (GP)—is an active research area [,UNKNOWN,UNKNOWN,low,The institution string does not contain any identifiable country-related information.,no
NEURIPS-2015-A000094,Leslie Pack Kaelbling,especially by means of a Gaussian process (GP)—is an active research area [,UNKNOWN,UNKNOWN,low,The institution string does not contain any identifiable country-related information.,no
NEURIPS-2015-A000095,Tomás Lozano-Pérez,especially by means of a Gaussian process (GP)—is an active research area [,UNKNOWN,UNKNOWN,low,The institution string does not contain any identifiable country-related information.,no
NEURIPS-2015-A000103,Jimei Yang,"University of California, Merced",UNKNOWN,United States,high,"The University of California, Merced is a well-known institution located in the United States.",yes
NEURIPS-2015-A000105,Ming-Hsuan Yang,"University of California, Merced",UNKNOWN,United States,high,"The University of California, Merced is a well-known institution located in the United States.",yes
NEURIPS-2015-A000118,Nan Du," College of Computing, Georgia Tech ∗ H. Milton Stewart School of Industrial & System Engineering, Georgia Tech",UNKNOWN,United States,high,Georgia Tech is a well-known university located in the United States.,yes
NEURIPS-2015-A000119,Yichen Wang," College of Computing, Georgia Tech ∗ H. Milton Stewart School of Industrial & System Engineering, Georgia Tech",UNKNOWN,United States,high,Georgia Tech is a well-known university located in the United States.,yes
NEURIPS-2015-A000120,Niao He," College of Computing, Georgia Tech ∗ H. Milton Stewart School of Industrial & System Engineering, Georgia Tech",UNKNOWN,United States,high,Georgia Tech is a well-known university located in the United States.,yes
NEURIPS-2015-A000122,Le Song," College of Computing, Georgia Tech ∗ H. Milton Stewart School of Industrial & System Engineering, Georgia Tech",UNKNOWN,United States,high,Georgia Tech is a well-known university located in the United States.,yes
NEURIPS-2015-A000128,Zhaoran Wang,"Princeton University maximum likelihood estimator of latent variable models. Nevertheless, due to the nonconcavity of local maximum rather than the global one [",UNKNOWN,United States,high,Princeton University is a well-known institution located in the United States.,yes
NEURIPS-2015-A000129,Quanquan Gu,"Princeton University maximum likelihood estimator of latent variable models. Nevertheless, due to the nonconcavity of local maximum rather than the global one [",UNKNOWN,United States,high,Princeton University is a well-known institution located in the United States.,yes
NEURIPS-2015-A000130,Yang Ning,"Princeton University maximum likelihood estimator of latent variable models. Nevertheless, due to the nonconcavity of local maximum rather than the global one [",UNKNOWN,United States,high,Princeton University is a well-known institution located in the United States.,yes
NEURIPS-2015-A000131,Han Liu,"Princeton University maximum likelihood estimator of latent variable models. Nevertheless, due to the nonconcavity of local maximum rather than the global one [",UNKNOWN,United States,high,Princeton University is a well-known institution located in the United States.,yes
NEURIPS-2015-A000132,Nicolas Heess,Google DeepMind,UNKNOWN,United Kingdom,high,Google DeepMind is headquartered in the United Kingdom.,yes
NEURIPS-2015-A000134,David Silver,Google DeepMind,UNKNOWN,United Kingdom,high,Google DeepMind is headquartered in the United Kingdom.,yes
NEURIPS-2015-A000135,Timothy Lillicrap,Google DeepMind,UNKNOWN,United Kingdom,high,Google DeepMind is headquartered in the United Kingdom.,yes
NEURIPS-2015-A000136,Tom Erez,Google DeepMind,UNKNOWN,United Kingdom,high,Google DeepMind is headquartered in the United Kingdom.,yes
NEURIPS-2015-A000137,Yuval Tassa,Google DeepMind,UNKNOWN,United Kingdom,high,Google DeepMind is headquartered in the United Kingdom.,yes
NEURIPS-2015-A000160,Jean-Baptiste SCHIRATTI,"ARAMIS Lab, INRIA Paris, Inserm U1127, CNRS UMR , Sorbonne Universités",UNKNOWN,France,high,"The institutions listed (INRIA Paris, Inserm U1127, CNRS UMR, Sorbonne Universités) are all well-known French research institutions.",yes
NEURIPS-2015-A000161,Stéphanie ALLASSONNIERE,"ARAMIS Lab, INRIA Paris, Inserm U1127, CNRS UMR , Sorbonne Universités",UNKNOWN,France,high,"The institutions listed (INRIA Paris, Inserm U1127, CNRS UMR, Sorbonne Universités) are all well-known French research institutions.",yes
NEURIPS-2015-A000162,Olivier Colliot,"ARAMIS Lab, INRIA Paris, Inserm U1127, CNRS UMR , Sorbonne Universités",UNKNOWN,France,high,"The institutions listed (INRIA Paris, Inserm U1127, CNRS UMR, Sorbonne Universités) are all well-known French research institutions.",yes
NEURIPS-2015-A000163,Stanley DURRLEMAN,"ARAMIS Lab, INRIA Paris, Inserm U1127, CNRS UMR , Sorbonne Universités",UNKNOWN,France,high,"The institutions listed (INRIA Paris, Inserm U1127, CNRS UMR, Sorbonne Universités) are all well-known French research institutions.",yes
NEURIPS-2015-A000170,Kush Bhatia,"Microsoft Research, India Indian Institute of Technology Kanpur, India",UNKNOWN,India,high,Both institutions explicitly mention 'India' in their names.,yes
NEURIPS-2015-A000171,Prateek Jain,"Microsoft Research, India Indian Institute of Technology Kanpur, India",UNKNOWN,India,high,Both institutions explicitly mention 'India' in their names.,yes
NEURIPS-2015-A000172,Purushottam Kar,"Microsoft Research, India Indian Institute of Technology Kanpur, India",UNKNOWN,India,high,Both institutions explicitly mention 'India' in their names.,yes
NEURIPS-2015-A000173,Martin Slawski,"Department of Statistics and Biostatistics Department of Computer Science Rutgers University y = Ax∗ + σε, y = (yi )m i= , A = (Aij )i,j= , ai = (Aij )j= i= , ε = (εi )i= , where the Aij and the εi are i.i.d. N ( , ) (i.e. standard Gaussian) random variables, the latter x∗ ∈ Rn is the signal of interest to be recovered given (A, y). Let s = kx∗ k0 := | S(x∗ ) | , where S(x∗ ) = j : | x∗j | > , be the ℓ0 -norm of x∗ (i.e. the cardinality of its support S(x∗ )). One of the Subsequently, the concept of signal recovery from an incomplete set (m < n) of linear measurements was developed further to settings in which only coarsely quantized versions of such linear measurements are available, with the extreme case of single-bit measurements [",UNKNOWN,United States,high,Rutgers University is a well-known institution located in the United States.,yes
NEURIPS-2015-A000174,Ping Li,"Department of Statistics and Biostatistics Department of Computer Science Rutgers University y = Ax∗ + σε, y = (yi )m i= , A = (Aij )i,j= , ai = (Aij )j= i= , ε = (εi )i= , where the Aij and the εi are i.i.d. N ( , ) (i.e. standard Gaussian) random variables, the latter x∗ ∈ Rn is the signal of interest to be recovered given (A, y). Let s = kx∗ k0 := | S(x∗ ) | , where S(x∗ ) = j : | x∗j | > , be the ℓ0 -norm of x∗ (i.e. the cardinality of its support S(x∗ )). One of the Subsequently, the concept of signal recovery from an incomplete set (m < n) of linear measurements was developed further to settings in which only coarsely quantized versions of such linear measurements are available, with the extreme case of single-bit measurements [",UNKNOWN,United States,high,Rutgers University is a well-known institution located in the United States.,yes
NEURIPS-2015-A000191,Rupesh K Srivastava,The Swiss AI Lab IDSIA / USI / SUPSI,UNKNOWN,Switzerland,high,"The institution name includes 'Swiss AI Lab', which clearly indicates Switzerland.",yes
NEURIPS-2015-A000192,Klaus Greff,The Swiss AI Lab IDSIA / USI / SUPSI,UNKNOWN,Switzerland,high,"The institution name includes 'Swiss AI Lab', which clearly indicates Switzerland.",yes
NEURIPS-2015-A000193,Jürgen Schmidhuber,The Swiss AI Lab IDSIA / USI / SUPSI,UNKNOWN,Switzerland,high,"The institution name includes 'Swiss AI Lab', which clearly indicates Switzerland.",yes
NEURIPS-2015-A000200,Igor Mordatch,"Department of Computer Science, University of Washington",UNKNOWN,United States,high,The University of Washington is a well-known institution located in the United States.,yes
NEURIPS-2015-A000201,Kendall Lowrey,"Department of Computer Science, University of Washington",UNKNOWN,United States,high,The University of Washington is a well-known institution located in the United States.,yes
NEURIPS-2015-A000202,Galen Andrew,"Department of Computer Science, University of Washington",UNKNOWN,United States,high,The University of Washington is a well-known institution located in the United States.,yes
NEURIPS-2015-A000203,Zoran Popovic,"Department of Computer Science, University of Washington",UNKNOWN,United States,high,The University of Washington is a well-known institution located in the United States.,yes
NEURIPS-2015-A000204,Emanuel V. Todorov,"Department of Computer Science, University of Washington",UNKNOWN,United States,high,The University of Washington is a well-known institution located in the United States.,yes
NEURIPS-2015-A001140,Shengjie Wang,"Department of Computer Science, University of Washington",UNKNOWN,United States,high,The University of Washington is a well-known institution located in the United States.,yes
NEURIPS-2015-A000213,Alexandr Andoni,Columbia University,UNKNOWN,United States,high,"Columbia University is a well-known institution located in New York, United States.",yes
NEURIPS-2015-A000214,Piotr Indyk,Columbia University,UNKNOWN,United States,high,"Columbia University is a well-known institution located in New York, United States.",yes
NEURIPS-2015-A000215,Thijs Laarhoven,Columbia University,UNKNOWN,United States,high,"Columbia University is a well-known institution located in New York, United States.",yes
NEURIPS-2015-A000216,Ilya Razenshteyn,Columbia University,UNKNOWN,United States,high,"Columbia University is a well-known institution located in New York, United States.",yes
NEURIPS-2015-A000217,Ludwig Schmidt,Columbia University,UNKNOWN,United States,high,"Columbia University is a well-known institution located in New York, United States.",yes
NEURIPS-2015-A000224,Daniel Vainsencher,"Dept. of Operations Research & Financial Engineering Princeton University Princeton, NJ",UNKNOWN,United States,high,"Princeton University is located in Princeton, New Jersey, United States.",yes
NEURIPS-2015-A000225,Han Liu,"Dept. of Operations Research & Financial Engineering Princeton University Princeton, NJ",UNKNOWN,United States,high,"Princeton University is located in Princeton, New Jersey, United States.",yes
NEURIPS-2015-A000227,Mijung Park,"Gatsby Computational Neuroscience Unit, University College London",UNKNOWN,United Kingdom,high,University College London is a well-known institution located in the United Kingdom.,yes
NEURIPS-2015-A000228,Gergo Bohner,"Gatsby Computational Neuroscience Unit, University College London",UNKNOWN,United Kingdom,high,University College London is a well-known institution located in the United Kingdom.,yes
NEURIPS-2015-A000229,Jakob H. Macke,"Research Center caesar, an associate of the Max Planck Society, Bonn",UNKNOWN,Germany,high,"The Max Planck Society is a German research organization based in Germany, and Bonn is a city in Germany.",yes
NEURIPS-2015-A000230,Oriol Vinyals,Google Brain in an input sequence. Such problems cannot be trivially addressed by existent approaches such as sequence-to-sequence [,UNKNOWN,UNKNOWN,low,The institution string does not contain any identifiable country or institution name.,no
NEURIPS-2015-A000231,Meire Fortunato,Google Brain in an input sequence. Such problems cannot be trivially addressed by existent approaches such as sequence-to-sequence [,UNKNOWN,UNKNOWN,low,The institution string does not contain any identifiable country or institution name.,no
NEURIPS-2015-A000232,Navdeep Jaitly,Google Brain in an input sequence. Such problems cannot be trivially addressed by existent approaches such as sequence-to-sequence [,UNKNOWN,UNKNOWN,low,The institution string does not contain any identifiable country or institution name.,no
NEURIPS-2015-A000235,Mauro Scanagatta,Queen’s University Belfast,UNKNOWN,United Kingdom,high,"Queen’s University Belfast is a well-known institution located in Northern Ireland, which is part of the United Kingdom.",yes
NEURIPS-2015-A000236,Cassio P de Campos,Queen’s University Belfast,UNKNOWN,United Kingdom,high,"Queen’s University Belfast is a well-known institution located in Northern Ireland, which is part of the United Kingdom.",yes
NEURIPS-2015-A000237,Giorgio Corani,Queen’s University Belfast,UNKNOWN,United Kingdom,high,"Queen’s University Belfast is a well-known institution located in Northern Ireland, which is part of the United Kingdom.",yes
NEURIPS-2015-A000238,Marco Zaffalon,Queen’s University Belfast,UNKNOWN,United Kingdom,high,"Queen’s University Belfast is a well-known institution located in Northern Ireland, which is part of the United Kingdom.",yes
NEURIPS-2015-A000242,Lucas Theis,"University of Tübingen Modeling the distribution of natural images is challenging, partly because of While early successes were often achieved through the use of generative models [e.g.",UNKNOWN,Germany,high,The University of Tübingen is a well-known institution located in Germany.,yes
NEURIPS-2015-A000243,Matthias Bethge,"University of Tübingen Modeling the distribution of natural images is challenging, partly because of While early successes were often achieved through the use of generative models [e.g.",UNKNOWN,Germany,high,The University of Tübingen is a well-known institution located in Germany.,yes
NEURIPS-2015-A000248,Mithun Chakraborty,"Department of Computer Science and Engineering Washington University in St. Louis St. Louis, MO",UNKNOWN,United States,high,"The institution is explicitly named as 'Washington University in St. Louis' located in 'St. Louis, MO', which is in the United States.",yes
NEURIPS-2015-A000249,Sanmay Das,"Department of Computer Science and Engineering Washington University in St. Louis St. Louis, MO",UNKNOWN,United States,high,"The institution is explicitly named as 'Washington University in St. Louis' located in 'St. Louis, MO', which is in the United States.",yes
NEURIPS-2015-A000736,Gustavo Malkomes,"Department of Computer Science and Engineering Washington University in St. Louis St. Louis, MO",UNKNOWN,United States,high,"The institution is explicitly named as 'Washington University in St. Louis' located in 'St. Louis, MO', which is in the United States.",yes
NEURIPS-2015-A000738,Wenlin Chen,"Department of Computer Science and Engineering Washington University in St. Louis St. Louis, MO",UNKNOWN,United States,high,"The institution is explicitly named as 'Washington University in St. Louis' located in 'St. Louis, MO', which is in the United States.",yes
NEURIPS-2015-A000250,Happy Mittal,"Dept. of Comp. Sci. & Engg. I.I.T. Delhi, Hauz Khas New Delhi, India",UNKNOWN,India,high,The institution string explicitly mentions 'India' as the location.,yes
NEURIPS-2015-A000251,Anuj Mahajan,"Dept. of Comp. Sci. & Engg. I.I.T. Delhi, Hauz Khas New Delhi, India",UNKNOWN,India,high,The institution string explicitly mentions 'India' as the location.,yes
NEURIPS-2015-A000261,Michael C Hughes,"Department of Computer Science, Brown University, Providence, RI",UNKNOWN,United States,high,"Brown University is located in Providence, RI, which is in the United States.",yes
NEURIPS-2015-A000262,William T Stephenson,"Department of Computer Science, Brown University, Providence, RI",UNKNOWN,United States,high,"Brown University is located in Providence, RI, which is in the United States.",yes
NEURIPS-2015-A000263,Erik Sudderth,"Department of Computer Science, Brown University, Providence, RI",UNKNOWN,United States,high,"Brown University is located in Providence, RI, which is in the United States.",yes
NEURIPS-2015-A000264,Rémi Bardenet,Department of Informatics,UNKNOWN,UNKNOWN,low,The institution name is too generic and does not provide enough information to determine the country.,no
NEURIPS-2015-A000265,Michalis Titsias RC AUEB,Department of Informatics,UNKNOWN,UNKNOWN,low,The institution name is too generic and does not provide enough information to determine the country.,no
NEURIPS-2015-A000281,Mohammad Emtiyaz Khan,Idiap Research Institute,UNKNOWN,Switzerland,high,Idiap Research Institute is a well-known institution based in Switzerland.,yes
NEURIPS-2015-A000282,Pierre Baque,Idiap Research Institute,UNKNOWN,Switzerland,high,Idiap Research Institute is a well-known institution based in Switzerland.,yes
NEURIPS-2015-A000283,François Fleuret,Idiap Research Institute,UNKNOWN,Switzerland,high,Idiap Research Institute is a well-known institution based in Switzerland.,yes
NEURIPS-2015-A000284,Pascal Fua,Idiap Research Institute,UNKNOWN,Switzerland,high,Idiap Research Institute is a well-known institution based in Switzerland.,yes
NEURIPS-2015-A000320,Antti Rasmus,"Aalto University, Finland & The Curious AI Company, Finland",UNKNOWN,Finland,high,Both institutions explicitly mention Finland.,yes
NEURIPS-2015-A000321,Mathias Berglund,"Aalto University, Finland & The Curious AI Company, Finland",UNKNOWN,Finland,high,Both institutions explicitly mention Finland.,yes
NEURIPS-2015-A000322,Mikko Honkala,"Aalto University, Finland & The Curious AI Company, Finland",UNKNOWN,Finland,high,Both institutions explicitly mention Finland.,yes
NEURIPS-2015-A000323,Harri Valpola,"Aalto University, Finland & The Curious AI Company, Finland",UNKNOWN,Finland,high,Both institutions explicitly mention Finland.,yes
NEURIPS-2015-A000324,Tapani Raiko,"Aalto University, Finland & The Curious AI Company, Finland",UNKNOWN,Finland,high,Both institutions explicitly mention Finland.,yes
NEURIPS-2015-A000345,Kisuk Lee,Massachusetts Institute of Technology,UNKNOWN,United States,high,Massachusetts Institute of Technology is a well-known institution located in the United States.,yes
NEURIPS-2015-A000346,Aleksandar Zlateski,Massachusetts Institute of Technology,UNKNOWN,United States,high,Massachusetts Institute of Technology is a well-known institution located in the United States.,yes
NEURIPS-2015-A001205,Adria Recasens,Massachusetts Institute of Technology,UNKNOWN,United States,high,Massachusetts Institute of Technology is a well-known institution located in the United States.,yes
NEURIPS-2015-A001206,Aditya Khosla,Massachusetts Institute of Technology,UNKNOWN,United States,high,Massachusetts Institute of Technology is a well-known institution located in the United States.,yes
NEURIPS-2015-A001207,Carl Vondrick,Massachusetts Institute of Technology,UNKNOWN,United States,high,Massachusetts Institute of Technology is a well-known institution located in the United States.,yes
NEURIPS-2015-A001208,Antonio Torralba,Massachusetts Institute of Technology,UNKNOWN,United States,high,Massachusetts Institute of Technology is a well-known institution located in the United States.,yes
NEURIPS-2015-A000374,Vitaly Kuznetsov,"Courant Institute New York, NY",UNKNOWN,United States,high,"The institution is located in New York, NY, which is in the United States.",yes
NEURIPS-2015-A000375,Mehryar Mohri,"Courant Institute and Google Research New York, NY",UNKNOWN,United States,high,"The institution is based in New York, NY, which is in the United States.",yes
NEURIPS-2015-A000377,Harm de Vries,"the method of choice for most practitioners of neural networks since the ’s, in spite of a rich literature in numerical optimization. Although it is well-known that first-order methods considerably",UNKNOWN,UNKNOWN,low,The institution string does not contain any identifiable institution or country-related information.,no
NEURIPS-2015-A000386,Qiang Liu,Dartmouth College,UNKNOWN,United States,high,Dartmouth College is a well-known institution located in the United States.,yes
NEURIPS-2015-A000387,John W. Fisher III,Dartmouth College,UNKNOWN,United States,high,Dartmouth College is a well-known institution located in the United States.,yes
NEURIPS-2015-A000388,Alex Ihler,Dartmouth College,UNKNOWN,United States,high,Dartmouth College is a well-known institution located in the United States.,yes
NEURIPS-2015-A000389,Andrew G Wilson,University of Edinburgh,UNKNOWN,United Kingdom,high,"The University of Edinburgh is a well-known institution located in Edinburgh, Scotland, which is part of the United Kingdom.",yes
NEURIPS-2015-A000390,Christoph Dann,University of Edinburgh,UNKNOWN,United Kingdom,high,"The University of Edinburgh is a well-known institution located in Edinburgh, Scotland, which is part of the United Kingdom.",yes
NEURIPS-2015-A000391,Chris Lucas,University of Edinburgh,UNKNOWN,United Kingdom,high,"The University of Edinburgh is a well-known institution located in Edinburgh, Scotland, which is part of the United Kingdom.",yes
NEURIPS-2015-A000392,Eric P Xing,University of Edinburgh,UNKNOWN,United Kingdom,high,"The University of Edinburgh is a well-known institution located in Edinburgh, Scotland, which is part of the United Kingdom.",yes
NEURIPS-2015-A000393,Xiangru Lian,"Department of Computer Science, University of Rochester",UNKNOWN,United States,high,The University of Rochester is a well-known institution located in the United States.,yes
NEURIPS-2015-A000394,Yijun Huang,"Department of Computer Science, University of Rochester",UNKNOWN,United States,high,The University of Rochester is a well-known institution located in the United States.,yes
NEURIPS-2015-A000395,Yuncheng Li,"Department of Computer Science, University of Rochester",UNKNOWN,United States,high,The University of Rochester is a well-known institution located in the United States.,yes
NEURIPS-2015-A000396,Ji Liu,"Department of Computer Science, University of Rochester",UNKNOWN,United States,high,The University of Rochester is a well-known institution located in the United States.,yes
NEURIPS-2015-A000453,Michael Shvartsman,"Princeton Neuroscience Institute Princeton University Princeton, NJ, of random walk models [e.g. –",UNKNOWN,United States,high,"Princeton University is located in Princeton, New Jersey, United States.",yes
NEURIPS-2015-A000454,Vaibhav Srivastava,"Princeton Neuroscience Institute Princeton University Princeton, NJ, of random walk models [e.g. –",UNKNOWN,United States,high,"Princeton University is located in Princeton, New Jersey, United States.",yes
NEURIPS-2015-A000455,Jonathan D. Cohen,"Princeton Neuroscience Institute Princeton University Princeton, NJ, of random walk models [e.g. –",UNKNOWN,United States,high,"Princeton University is located in Princeton, New Jersey, United States.",yes
NEURIPS-2015-A000465,Alireza Makhzani,University of Toronto,UNKNOWN,Canada,high,The University of Toronto is a well-known institution located in Canada.,yes
NEURIPS-2015-A000466,Brendan J. Frey,University of Toronto,UNKNOWN,Canada,high,The University of Toronto is a well-known institution located in Canada.,yes
NEURIPS-2015-A000559,Xiaozhi Chen,University of Toronto,UNKNOWN,Canada,high,The University of Toronto is a well-known institution located in Canada.,yes
NEURIPS-2015-A000563,Huimin Ma,University of Toronto,UNKNOWN,Canada,high,The University of Toronto is a well-known institution located in Canada.,yes
NEURIPS-2015-A000472,Mehrdad Farajtabar,Georgia Institute of Technology,UNKNOWN,United States,high,Georgia Institute of Technology is a well-known university located in the United States.,yes
NEURIPS-2015-A000473,Yichen Wang,Georgia Institute of Technology,UNKNOWN,United States,high,Georgia Institute of Technology is a well-known university located in the United States.,yes
NEURIPS-2015-A000474,Manuel Gomez Rodriguez,Georgia Institute of Technology,UNKNOWN,United States,high,Georgia Institute of Technology is a well-known university located in the United States.,yes
NEURIPS-2015-A000475,Shuang Li,Georgia Institute of Technology,UNKNOWN,United States,high,Georgia Institute of Technology is a well-known university located in the United States.,yes
NEURIPS-2015-A000476,Hongyuan Zha,Georgia Institute of Technology,UNKNOWN,United States,high,Georgia Institute of Technology is a well-known university located in the United States.,yes
NEURIPS-2015-A000477,Le Song,Georgia Institute of Technology,UNKNOWN,United States,high,Georgia Institute of Technology is a well-known university located in the United States.,yes
NEURIPS-2015-A000602,Bo Xie,Georgia Institute of Technology,UNKNOWN,United States,high,Georgia Institute of Technology is a well-known university located in the United States.,yes
NEURIPS-2015-A000604,Le Song,Georgia Institute of Technology,UNKNOWN,United States,high,Georgia Institute of Technology is a well-known university located in the United States.,yes
NEURIPS-2015-A000912,Niao He,Georgia Institute of Technology,UNKNOWN,United States,high,Georgia Institute of Technology is a well-known university located in the United States.,yes
NEURIPS-2015-A000913,Zaid Harchaoui,Georgia Institute of Technology,UNKNOWN,United States,high,Georgia Institute of Technology is a well-known university located in the United States.,yes
NEURIPS-2015-A000483,Oren Rippel,Department of Mathematics Massachusetts Institute of Technology,UNKNOWN,United States,high,Massachusetts Institute of Technology is a well-known institution located in the United States.,yes
NEURIPS-2015-A000513,Ibrahim M Alabdulmohsin,King Abdullah University of Science and Technology,UNKNOWN,Saudi Arabia,high,King Abdullah University of Science and Technology is a well-known institution located in Saudi Arabia.,yes
NEURIPS-2015-A000529,Alexander Novikov,"Skolkovo Institute of Science and Technology, Moscow, Russia | Institute of Numerical Mathematics of the Russian Academy of Sciences, Moscow, Russia",UNKNOWN,Russia,high,"Both institutions are explicitly located in Moscow, Russia, and are associated with Russian academic and scientific organizations.",yes
NEURIPS-2015-A000540,Jackson Gorham,Department of Statistics Stanford University,UNKNOWN,United States,high,Stanford University is a well-known institution located in the United States.,yes
NEURIPS-2015-A000541,Lester Mackey,Department of Statistics Stanford University,UNKNOWN,United States,high,Stanford University is a well-known institution located in the United States.,yes
NEURIPS-2015-A000557,Christopher R Dance,Xerox Research Centre Europe,UNKNOWN,United Kingdom,medium,"Xerox Research Centre Europe is based in the United Kingdom, though it may have operations in other European countries.",no
NEURIPS-2015-A000558,Tomi Silander,Xerox Research Centre Europe,UNKNOWN,United Kingdom,medium,"Xerox Research Centre Europe is based in the United Kingdom, though it may have operations in other European countries.",no
NEURIPS-2015-A000560,Kaustav Kundu,Department of Computer Science,UNKNOWN,UNKNOWN,low,The institution name is too generic and does not provide enough information to determine the country.,no
NEURIPS-2015-A000561,Yukun Zhu,Department of Computer Science,UNKNOWN,UNKNOWN,low,The institution name is too generic and does not provide enough information to determine the country.,no
NEURIPS-2015-A000564,Sanja Fidler,Department of Computer Science,UNKNOWN,UNKNOWN,low,The institution name is too generic and does not provide enough information to determine the country.,no
NEURIPS-2015-A000565,Raquel Urtasun,Department of Computer Science,UNKNOWN,UNKNOWN,low,The institution name is too generic and does not provide enough information to determine the country.,no
NEURIPS-2015-A000584,Henry Kautz,"University of Rochester Rochester, NY",UNKNOWN,United States,high,"The institution is located in Rochester, NY, which is in the United States.",yes
NEURIPS-2015-A000603,Yingyu Liang,Princeton University,UNKNOWN,United States,high,Princeton University is a well-known institution located in the United States.,yes
NEURIPS-2015-A000610,Ke Sun,"Viper Group, Computer Vision and Multimedia Laboratory, University of Geneva",UNKNOWN,Switzerland,high,The University of Geneva is a well-known institution located in Switzerland.,yes
NEURIPS-2015-A000612,Alexandros Kalousis,"Business Informatics Department, University | Viper Group, Computer Vision and Multimedia Laboratory, University of Geneva",UNKNOWN,Switzerland,high,"The institution string includes 'University of Geneva', which is a well-known university located in Geneva, Switzerland.",yes
NEURIPS-2015-A000624,Andrew Miller,School of Engineering and Applied Sciences Harvard University,UNKNOWN,United States,high,Harvard University is a well-known institution located in the United States.,yes
NEURIPS-2015-A000625,Albert Wu,School of Engineering and Applied Sciences Harvard University,UNKNOWN,United States,high,Harvard University is a well-known institution located in the United States.,yes
NEURIPS-2015-A000646,Yunpeng Pan,"Autonomous Control and Decision Systems Laboratory Institute for Robotics and Intelligent Machines School of Aerospace Engineering Georgia Institute of Technology, Atlanta, GA",UNKNOWN,United States,high,Georgia Institute of Technology is a well-known university located in the United States.,yes
NEURIPS-2015-A000648,Michail Kontitsis,"Autonomous Control and Decision Systems Laboratory Institute for Robotics and Intelligent Machines School of Aerospace Engineering Georgia Institute of Technology, Atlanta, GA",UNKNOWN,United States,high,Georgia Institute of Technology is a well-known university located in the United States.,yes
NEURIPS-2015-A000658,Mengye Ren,University of Toronto1 Canadian Institute for Advanced Research2,UNKNOWN,Canada,high,The institution names 'University of Toronto' and 'Canadian Institute for Advanced Research' are both based in Canada.,yes
NEURIPS-2015-A000659,Ryan Kiros,University of Toronto1 Canadian Institute for Advanced Research2,UNKNOWN,Canada,high,The institution names 'University of Toronto' and 'Canadian Institute for Advanced Research' are both based in Canada.,yes
NEURIPS-2015-A000661,Siqi Sun,University of Chicago,UNKNOWN,United States,high,The University of Chicago is a well-known institution located in the United States.,yes
NEURIPS-2015-A000662,Mladen Kolar,University of Chicago,UNKNOWN,United States,high,The University of Chicago is a well-known institution located in the United States.,yes
NEURIPS-2015-A000663,Jinbo Xu,University of Chicago,UNKNOWN,United States,high,The University of Chicago is a well-known institution located in the United States.,yes
NEURIPS-2015-A000671,Jaya Kawale,"Adobe Research San Jose, CA",UNKNOWN,United States,high,"The institution is based in San Jose, CA, which is in the United States.",yes
NEURIPS-2015-A000673,Branislav Kveton,"Adobe Research San Jose, CA",UNKNOWN,United States,high,"The institution is based in San Jose, CA, which is in the United States.",yes
NEURIPS-2015-A000678,Sanjiv Kumar,"Google, New York",UNKNOWN,United States,high,"New York is a major city in the United States, and Google has a significant presence there.",yes
NEURIPS-2015-A000701,Lalit Jain,University of Wisconsin - Madison,UNKNOWN,United States,high,The University of Wisconsin - Madison is a well-known institution located in the United States.,yes
NEURIPS-2015-A000702,Chris Fernandez,University of Wisconsin - Madison,UNKNOWN,United States,high,The University of Wisconsin - Madison is a well-known institution located in the United States.,yes
NEURIPS-2015-A000711,Sida Wang,"Computer Science Department, Stanford University, Stanford, CA",UNKNOWN,United States,high,"Stanford University is located in Stanford, CA, which is in the United States.",yes
NEURIPS-2015-A000712,Arun Tejasvi Chaganty,"Computer Science Department, Stanford University, Stanford, CA",UNKNOWN,United States,high,"Stanford University is located in Stanford, CA, which is in the United States.",yes
NEURIPS-2015-A000713,Percy Liang,"Computer Science Department, Stanford University, Stanford, CA",UNKNOWN,United States,high,"Stanford University is located in Stanford, CA, which is in the United States.",yes
NEURIPS-2015-A000714,Yifan Wu,Dept. of Computing Science,UNKNOWN,UNKNOWN,low,The institution name is too generic and does not provide enough information to determine the country.,no
NEURIPS-2015-A000751,Shai Shalev-Shwartz,The Hebrew University,UNKNOWN,Israel,high,The Hebrew University is a well-known institution located in Israel.,yes
NEURIPS-2015-A000770,Marin Kobilarov,"Department of Mechanical Engineering Johns Hopkins University Baltimore, MD at each iteration. In particular, we employ concentration-of-measure inequalities to compute future expected cost and probability of constraint violation using the density p(τ | ξ), and J(τ ) defines a positive cost function which can be non-smooth and nonconvex. It is assumed that p(τ | ξ) is either known or can be sampled from, e.g. in a black-box Our primary motivation arises from applications in robotics, for instance when a robot executes is available the problem is equivalent to robust model-predictive control (MPC) [",UNKNOWN,United States,high,"The institution name includes 'Johns Hopkins University' and 'Baltimore, MD', which are well-known in the United States.",yes
NEURIPS-2015-A000775,Christopher M De Sa,"Stanford University, Stanford, CA",UNKNOWN,United States,high,"Stanford University is located in Stanford, California, which is in the United States.",yes
NEURIPS-2015-A000776,Ce Zhang,"Stanford University, Stanford, CA",UNKNOWN,United States,high,"Stanford University is located in Stanford, California, which is in the United States.",yes
NEURIPS-2015-A000777,Kunle Olukotun,"Stanford University, Stanford, CA",UNKNOWN,United States,high,"Stanford University is located in Stanford, California, which is in the United States.",yes
NEURIPS-2015-A000778,Christopher Ré,"Stanford University, Stanford, CA",UNKNOWN,United States,high,"Stanford University is located in Stanford, California, which is in the United States.",yes
NEURIPS-2015-A000779,Christopher Ré,"Stanford University, Stanford, CA",UNKNOWN,United States,high,"Stanford University is located in Stanford, California, which is in the United States.",yes
NEURIPS-2015-A000902,Christopher M De Sa,"Stanford University, Stanford, CA",UNKNOWN,United States,high,"Stanford University is located in Stanford, California, which is in the United States.",yes
NEURIPS-2015-A000903,Ce Zhang,"Stanford University, Stanford, CA",UNKNOWN,United States,high,"Stanford University is located in Stanford, California, which is in the United States.",yes
NEURIPS-2015-A000904,Kunle Olukotun,"Stanford University, Stanford, CA",UNKNOWN,United States,high,"Stanford University is located in Stanford, California, which is in the United States.",yes
NEURIPS-2015-A000905,Christopher Ré,"Stanford University, Stanford, CA",UNKNOWN,United States,high,"Stanford University is located in Stanford, California, which is in the United States.",yes
NEURIPS-2015-A000790,Yi-An Ma,"University of Washington, .",UNKNOWN,United States,high,The University of Washington is a well-known institution located in the United States.,yes
NEURIPS-2015-A000791,Tianqi Chen,"University of Washington, .",UNKNOWN,United States,high,The University of Washington is a well-known institution located in the United States.,yes
NEURIPS-2015-A000792,Emily B. Fox,"University of Washington, .",UNKNOWN,United States,high,The University of Washington is a well-known institution located in the United States.,yes
NEURIPS-2015-A000804,Xia Qu,"THINC Lab, Dept. of Computer Science University of Georgia, Athens, GA distinct from EM formulations for POMDPs and cooperative multiagent planning frameworks. We exploit the graphical model structure speciﬁc to I-POMDPs, and Markov decision processes (I-POMDP) [",UNKNOWN,United States,high,"The institution string explicitly mentions 'University of Georgia, Athens, GA', which is a well-known university located in the United States.",yes
NEURIPS-2015-A000805,Prashant Doshi,"THINC Lab, Dept. of Computer Science University of Georgia, Athens, GA distinct from EM formulations for POMDPs and cooperative multiagent planning frameworks. We exploit the graphical model structure speciﬁc to I-POMDPs, and Markov decision processes (I-POMDP) [",UNKNOWN,United States,high,"The institution string explicitly mentions 'University of Georgia, Athens, GA', which is a well-known university located in the United States.",yes
NEURIPS-2015-A000809,Peter Kairouz,Department of Electrical & Computer Engineering,UNKNOWN,UNKNOWN,low,The institution name does not include any specific country or region information.,no
NEURIPS-2015-A000811,Pramod Viswanath,Department of Electrical & Computer Engineering,UNKNOWN,UNKNOWN,low,The institution name does not include any specific country or region information.,no
NEURIPS-2015-A000810,Sewoong Oh,Department of Industrial & Enterprise Systems Engineering,UNKNOWN,United States,medium,"The name of the department is commonly associated with universities in the United States, such as the University of Illinois Urbana-Champaign, but it is not exclusive to the U.S.",no
NEURIPS-2015-A000825,Mohamed Osama Ahmed,Department of Computer Science University of British Columbia,UNKNOWN,Canada,high,The University of British Columbia is a well-known institution located in Canada.,yes
NEURIPS-2015-A000826,Alim Virani,Department of Computer Science University of British Columbia,UNKNOWN,Canada,high,The University of British Columbia is a well-known institution located in Canada.,yes
NEURIPS-2015-A000827,Mark Schmidt,Department of Computer Science University of British Columbia,UNKNOWN,Canada,high,The University of British Columbia is a well-known institution located in Canada.,yes
NEURIPS-2015-A000832,Yu-Ying Liu,"College of Computing Georgia Institute of Technology Atlanta, GA The Continuous-Time Hidden Markov Model (CT-HMM) is an attractive approach to modeling disease progression due to its ability to describe noisy observations arriving irregularly in time. However, the lack of an efficient parameter from sequences of clinical measurements obtained from a longitudinal sample of patients. By distilling population data into a compact representation, disease progression models can yield insights into the disease process through the visualization and analysis of disease trajectories. In addition, the models can be used to predict the future course of disease in an individual, supporting the development of individualized treatment schedules and improved treatment efficiencies. Furthermore, noisy measurements effectively; and ) they can easily incorporate dynamical priors and constraints. While conventional hidden Markov models (HMMs) have been used to model disease progression, at discrete intervals. However, in reality patient visits are irregular in time, as a consequence of states and the arrival of observations can occur at arbitrary (continuous) times [",UNKNOWN,United States,high,The institution name 'Georgia Institute of Technology' is a well-known university located in the United States.,yes
NEURIPS-2015-A000833,Shuang Li,"College of Computing Georgia Institute of Technology Atlanta, GA The Continuous-Time Hidden Markov Model (CT-HMM) is an attractive approach to modeling disease progression due to its ability to describe noisy observations arriving irregularly in time. However, the lack of an efficient parameter from sequences of clinical measurements obtained from a longitudinal sample of patients. By distilling population data into a compact representation, disease progression models can yield insights into the disease process through the visualization and analysis of disease trajectories. In addition, the models can be used to predict the future course of disease in an individual, supporting the development of individualized treatment schedules and improved treatment efficiencies. Furthermore, noisy measurements effectively; and ) they can easily incorporate dynamical priors and constraints. While conventional hidden Markov models (HMMs) have been used to model disease progression, at discrete intervals. However, in reality patient visits are irregular in time, as a consequence of states and the arrival of observations can occur at arbitrary (continuous) times [",UNKNOWN,United States,high,The institution name 'Georgia Institute of Technology' is a well-known university located in the United States.,yes
NEURIPS-2015-A000834,Fuxin Li,"College of Computing Georgia Institute of Technology Atlanta, GA The Continuous-Time Hidden Markov Model (CT-HMM) is an attractive approach to modeling disease progression due to its ability to describe noisy observations arriving irregularly in time. However, the lack of an efficient parameter from sequences of clinical measurements obtained from a longitudinal sample of patients. By distilling population data into a compact representation, disease progression models can yield insights into the disease process through the visualization and analysis of disease trajectories. In addition, the models can be used to predict the future course of disease in an individual, supporting the development of individualized treatment schedules and improved treatment efficiencies. Furthermore, noisy measurements effectively; and ) they can easily incorporate dynamical priors and constraints. While conventional hidden Markov models (HMMs) have been used to model disease progression, at discrete intervals. However, in reality patient visits are irregular in time, as a consequence of states and the arrival of observations can occur at arbitrary (continuous) times [",UNKNOWN,United States,high,The institution name 'Georgia Institute of Technology' is a well-known university located in the United States.,yes
NEURIPS-2015-A000835,Le Song,"College of Computing Georgia Institute of Technology Atlanta, GA The Continuous-Time Hidden Markov Model (CT-HMM) is an attractive approach to modeling disease progression due to its ability to describe noisy observations arriving irregularly in time. However, the lack of an efficient parameter from sequences of clinical measurements obtained from a longitudinal sample of patients. By distilling population data into a compact representation, disease progression models can yield insights into the disease process through the visualization and analysis of disease trajectories. In addition, the models can be used to predict the future course of disease in an individual, supporting the development of individualized treatment schedules and improved treatment efficiencies. Furthermore, noisy measurements effectively; and ) they can easily incorporate dynamical priors and constraints. While conventional hidden Markov models (HMMs) have been used to model disease progression, at discrete intervals. However, in reality patient visits are irregular in time, as a consequence of states and the arrival of observations can occur at arbitrary (continuous) times [",UNKNOWN,United States,high,The institution name 'Georgia Institute of Technology' is a well-known university located in the United States.,yes
NEURIPS-2015-A000836,James M. Rehg,"College of Computing Georgia Institute of Technology Atlanta, GA The Continuous-Time Hidden Markov Model (CT-HMM) is an attractive approach to modeling disease progression due to its ability to describe noisy observations arriving irregularly in time. However, the lack of an efficient parameter from sequences of clinical measurements obtained from a longitudinal sample of patients. By distilling population data into a compact representation, disease progression models can yield insights into the disease process through the visualization and analysis of disease trajectories. In addition, the models can be used to predict the future course of disease in an individual, supporting the development of individualized treatment schedules and improved treatment efficiencies. Furthermore, noisy measurements effectively; and ) they can easily incorporate dynamical priors and constraints. While conventional hidden Markov models (HMMs) have been used to model disease progression, at discrete intervals. However, in reality patient visits are irregular in time, as a consequence of states and the arrival of observations can occur at arbitrary (continuous) times [",UNKNOWN,United States,high,The institution name 'Georgia Institute of Technology' is a well-known university located in the United States.,yes
NEURIPS-2015-A000853,Charlie Frogner,"Center for Brains, Minds and Machines Massachusetts Institute of Technology",UNKNOWN,United States,high,Massachusetts Institute of Technology is a well-known institution located in the United States.,yes
NEURIPS-2015-A000854,Chiyuan Zhang,"Center for Brains, Minds and Machines Massachusetts Institute of Technology",UNKNOWN,United States,high,Massachusetts Institute of Technology is a well-known institution located in the United States.,yes
NEURIPS-2015-A000862,Wenye Li,Macao Polytechnic Institute,UNKNOWN,China,high,"Macao Polytechnic Institute is located in Macao, which is a Special Administrative Region of China.",yes
NEURIPS-2015-A000863,Wei Cao,Tsinghua University,UNKNOWN,China,high,Tsinghua University is a well-known institution located in China.,yes
NEURIPS-2015-A000864,Jian Li,Tsinghua University,UNKNOWN,China,high,Tsinghua University is a well-known institution located in China.,yes
NEURIPS-2015-A000866,Zhize Li,Tsinghua University,UNKNOWN,China,high,Tsinghua University is a well-known institution located in China.,yes
NEURIPS-2015-A000865,Yufei Tao,Chinese University of Hong Kong,UNKNOWN,Hong Kong,high,"The institution is explicitly named as 'Chinese University of Hong Kong', which is located in Hong Kong.",yes
NEURIPS-2015-A000889,Lasse Espeholt,Google DeepMind University of Oxford,UNKNOWN,United Kingdom,high,The University of Oxford is a well-known institution located in the United Kingdom.,yes
NEURIPS-2015-A000890,Will Kay,Google DeepMind University of Oxford,UNKNOWN,United Kingdom,high,The University of Oxford is a well-known institution located in the United Kingdom.,yes
NEURIPS-2015-A000891,Mustafa Suleyman,Google DeepMind University of Oxford,UNKNOWN,United Kingdom,high,The University of Oxford is a well-known institution located in the United Kingdom.,yes
NEURIPS-2015-A000892,Phil Blunsom,Google DeepMind University of Oxford,UNKNOWN,United Kingdom,high,The University of Oxford is a well-known institution located in the United Kingdom.,yes
NEURIPS-2015-A000893,David Kappel,"Institute for Theoretical Computer Science Graz University of Technology A- Graz, Austria In the 19th century, Helmholtz proposed that perception could be understood as unconscious inference [",UNKNOWN,Austria,high,"The institution string explicitly mentions 'A- Graz, Austria', which clearly identifies the country as Austria.",yes
NEURIPS-2015-A000894,Stefan Habenschuss,"Institute for Theoretical Computer Science Graz University of Technology A- Graz, Austria In the 19th century, Helmholtz proposed that perception could be understood as unconscious inference [",UNKNOWN,Austria,high,"The institution string explicitly mentions 'A- Graz, Austria', which clearly identifies the country as Austria.",yes
NEURIPS-2015-A000895,Robert Legenstein,"Institute for Theoretical Computer Science Graz University of Technology A- Graz, Austria In the 19th century, Helmholtz proposed that perception could be understood as unconscious inference [",UNKNOWN,Austria,high,"The institution string explicitly mentions 'A- Graz, Austria', which clearly identifies the country as Austria.",yes
NEURIPS-2015-A000896,Wolfgang Maass,"Institute for Theoretical Computer Science Graz University of Technology A- Graz, Austria In the 19th century, Helmholtz proposed that perception could be understood as unconscious inference [",UNKNOWN,Austria,high,"The institution string explicitly mentions 'A- Graz, Austria', which clearly identifies the country as Austria.",yes
NEURIPS-2015-A000907,Janice Chen,"Princeton Neuroscience Institute and Department of Psychology, Princeton University",UNKNOWN,United States,high,Princeton University is a well-known institution located in the United States.,yes
NEURIPS-2015-A000908,Yaara Yeshurun,"Princeton Neuroscience Institute and Department of Psychology, Princeton University",UNKNOWN,United States,high,Princeton University is a well-known institution located in the United States.,yes
NEURIPS-2015-A000909,Uri Hasson,"Princeton Neuroscience Institute and Department of Psychology, Princeton University",UNKNOWN,United States,high,Princeton University is a well-known institution located in the United States.,yes
NEURIPS-2015-A000911,Peter J. Ramadge,"Department of Electrical Engineering, Princeton University",UNKNOWN,United States,high,Princeton University is a well-known university located in the United States.,yes
NEURIPS-2015-A000927,Junyoung Chung,Department of Computer Science and Operations Research,UNKNOWN,UNKNOWN,low,The institution name does not include any specific country or location information.,no
NEURIPS-2015-A000928,Kyle Kastner,Department of Computer Science and Operations Research,UNKNOWN,UNKNOWN,low,The institution name does not include any specific country or location information.,no
NEURIPS-2015-A000929,Laurent Dinh,Department of Computer Science and Operations Research,UNKNOWN,UNKNOWN,low,The institution name does not include any specific country or location information.,no
NEURIPS-2015-A000930,Kratarth Goel,Department of Computer Science and Operations Research,UNKNOWN,UNKNOWN,low,The institution name does not include any specific country or location information.,no
NEURIPS-2015-A000931,Aaron C. Courville,Department of Computer Science and Operations Research,UNKNOWN,UNKNOWN,low,The institution name does not include any specific country or location information.,no
NEURIPS-2015-A000932,Yoshua Bengio,Department of Computer Science and Operations Research,UNKNOWN,UNKNOWN,low,The institution name does not include any specific country or location information.,no
NEURIPS-2015-A000946,Bethany Lusch,"University of Washington, Dept. of EE, Seattle, U.S.A. ∗ University of Washington, Dept. of Applied Math, Seattle, U.S.A.",UNKNOWN,United States,high,"The institution string explicitly mentions 'U.S.A.' and refers to the University of Washington, which is a well-known university located in the United States.",yes
NEURIPS-2015-A000947,Rahul Kidambi,"University of Washington, Dept. of EE, Seattle, U.S.A. ∗ University of Washington, Dept. of Applied Math, Seattle, U.S.A.",UNKNOWN,United States,high,"The institution string explicitly mentions 'U.S.A.' and refers to the University of Washington, which is a well-known university located in the United States.",yes
NEURIPS-2015-A000957,Mehran Sahami,"∗ Stanford University, Khan Academy, Google",UNKNOWN,United States,high,"Stanford University, Khan Academy, and Google are all well-known institutions based in the United States.",yes
NEURIPS-2015-A000958,Leonidas Guibas,"∗ Stanford University, Khan Academy, Google",UNKNOWN,United States,high,"Stanford University, Khan Academy, and Google are all well-known institutions based in the United States.",yes
NEURIPS-2015-A000959,Jascha Sohl-Dickstein,"∗ Stanford University, Khan Academy, Google",UNKNOWN,United States,high,"Stanford University, Khan Academy, and Google are all well-known institutions based in the United States.",yes
NEURIPS-2015-A000966,Jessa Bekker,"University of California, Los Angeles",UNKNOWN,United States,high,"The University of California, Los Angeles is a well-known institution located in the United States.",yes
NEURIPS-2015-A000967,Jesse Davis,"University of California, Los Angeles",UNKNOWN,United States,high,"The University of California, Los Angeles is a well-known institution located in the United States.",yes
NEURIPS-2015-A000968,Arthur Choi,"University of California, Los Angeles",UNKNOWN,United States,high,"The University of California, Los Angeles is a well-known institution located in the United States.",yes
NEURIPS-2015-A000969,Adnan Darwiche,"University of California, Los Angeles",UNKNOWN,United States,high,"The University of California, Los Angeles is a well-known institution located in the United States.",yes
NEURIPS-2015-A000970,Guy Van den Broeck,"University of California, Los Angeles",UNKNOWN,United States,high,"The University of California, Los Angeles is a well-known institution located in the United States.",yes
NEURIPS-2015-A001299,Junhua Mao,"University of California, Los Angeles",UNKNOWN,United States,high,"The University of California, Los Angeles is a well-known institution located in the United States.",yes
NEURIPS-2015-A000985,Hongzhou Lin,"to faster convergence. This strategy applies to a large class of algorithms, including gradient descent, block coordinate descent, SAG, SAGA, SDCA, SVRG",UNKNOWN,UNKNOWN,low,The institution string describes a technical strategy related to optimization algorithms and does not contain any identifiable institution or country-related information.,no
NEURIPS-2015-A000986,Julien Mairal,"to faster convergence. This strategy applies to a large class of algorithms, including gradient descent, block coordinate descent, SAG, SAGA, SDCA, SVRG",UNKNOWN,UNKNOWN,low,The institution string describes a technical strategy related to optimization algorithms and does not contain any identifiable institution or country-related information.,no
NEURIPS-2015-A000999,Theodoros Tsiligkaridis,"Massachusetts Institute of Technology, Lincoln Laboratory",UNKNOWN,United States,high,Massachusetts Institute of Technology is a well-known institution located in the United States.,yes
NEURIPS-2015-A001000,Theodoros Tsiligkaridis,"Massachusetts Institute of Technology, Lincoln Laboratory",UNKNOWN,United States,high,Massachusetts Institute of Technology is a well-known institution located in the United States.,yes
NEURIPS-2015-A001001,Keith Forsythe,"Massachusetts Institute of Technology, Lincoln Laboratory",UNKNOWN,United States,high,Massachusetts Institute of Technology is a well-known institution located in the United States.,yes
NEURIPS-2015-A001010,Sorathan Chaturapruek,Stanford University,UNKNOWN,United States,high,Stanford University is a well-known institution located in the United States.,yes
NEURIPS-2015-A001011,John C. Duchi,Stanford University,UNKNOWN,United States,high,Stanford University is a well-known institution located in the United States.,yes
NEURIPS-2015-A001012,Christopher Ré,Stanford University,UNKNOWN,United States,high,Stanford University is a well-known institution located in the United States.,yes
NEURIPS-2015-A001018,Kamalika Chaudhuri,"An active learner is given a class of models, a large set of unlabeled examples, and the ability to interactively query labels of a subset of these examples; the goal of Previous theoretical work has rigorously characterized label complexity of active Models, which in turn, include models for binary and multi-class classification, In active learning, we are given a sample space X , a label space Y, a class of models that map X to Y, and a large set U of unlabelled samples. The goal of the learner is to learn a model in the class with small target error while interactively querying the labels of as few of the unlabelled samples as Most theoretical work on active learning has focussed on the PAC or the agnostic PAC model, where a more general setting – maximum likelihood estimation (MLE), where Pr(Y | X) is described by a information matrix for any model ✓ ⇥ at any (x, y) depends only on x and ✓. This condition is satisfied in a number of widely applicable model classes, such as Linear Regression and Generalized Linear Models (GLMs), which in turn includes models for Multiclass Classification and Conditional Random Fields. Consequently, we can provide active learning algorithms for maximum likelihood label query by optimizing a class of summary statistics of the asymptotic covariance matrix of the Dept. of CS, University of California at San Diego. Email: Dept. of CS and of Statistics, University of Washington. Email: Microsoft Research New England. Email: Dept. of ECE, The University of Texas at Austin. Email:",UNKNOWN,United States,high,"The institution names include 'University of California at San Diego', 'University of Washington', 'Microsoft Research New England', and 'The University of Texas at Austin', all of which are located in the United States.",yes
NEURIPS-2015-A001019,Sham M. Kakade,"An active learner is given a class of models, a large set of unlabeled examples, and the ability to interactively query labels of a subset of these examples; the goal of Previous theoretical work has rigorously characterized label complexity of active Models, which in turn, include models for binary and multi-class classification, In active learning, we are given a sample space X , a label space Y, a class of models that map X to Y, and a large set U of unlabelled samples. The goal of the learner is to learn a model in the class with small target error while interactively querying the labels of as few of the unlabelled samples as Most theoretical work on active learning has focussed on the PAC or the agnostic PAC model, where a more general setting – maximum likelihood estimation (MLE), where Pr(Y | X) is described by a information matrix for any model ✓ ⇥ at any (x, y) depends only on x and ✓. This condition is satisfied in a number of widely applicable model classes, such as Linear Regression and Generalized Linear Models (GLMs), which in turn includes models for Multiclass Classification and Conditional Random Fields. Consequently, we can provide active learning algorithms for maximum likelihood label query by optimizing a class of summary statistics of the asymptotic covariance matrix of the Dept. of CS, University of California at San Diego. Email: Dept. of CS and of Statistics, University of Washington. Email: Microsoft Research New England. Email: Dept. of ECE, The University of Texas at Austin. Email:",UNKNOWN,United States,high,"The institution names include 'University of California at San Diego', 'University of Washington', 'Microsoft Research New England', and 'The University of Texas at Austin', all of which are located in the United States.",yes
NEURIPS-2015-A001020,Praneeth Netrapalli,"An active learner is given a class of models, a large set of unlabeled examples, and the ability to interactively query labels of a subset of these examples; the goal of Previous theoretical work has rigorously characterized label complexity of active Models, which in turn, include models for binary and multi-class classification, In active learning, we are given a sample space X , a label space Y, a class of models that map X to Y, and a large set U of unlabelled samples. The goal of the learner is to learn a model in the class with small target error while interactively querying the labels of as few of the unlabelled samples as Most theoretical work on active learning has focussed on the PAC or the agnostic PAC model, where a more general setting – maximum likelihood estimation (MLE), where Pr(Y | X) is described by a information matrix for any model ✓ ⇥ at any (x, y) depends only on x and ✓. This condition is satisfied in a number of widely applicable model classes, such as Linear Regression and Generalized Linear Models (GLMs), which in turn includes models for Multiclass Classification and Conditional Random Fields. Consequently, we can provide active learning algorithms for maximum likelihood label query by optimizing a class of summary statistics of the asymptotic covariance matrix of the Dept. of CS, University of California at San Diego. Email: Dept. of CS and of Statistics, University of Washington. Email: Microsoft Research New England. Email: Dept. of ECE, The University of Texas at Austin. Email:",UNKNOWN,United States,high,"The institution names include 'University of California at San Diego', 'University of Washington', 'Microsoft Research New England', and 'The University of Texas at Austin', all of which are located in the United States.",yes
NEURIPS-2015-A001021,Sujay Sanghavi,"An active learner is given a class of models, a large set of unlabeled examples, and the ability to interactively query labels of a subset of these examples; the goal of Previous theoretical work has rigorously characterized label complexity of active Models, which in turn, include models for binary and multi-class classification, In active learning, we are given a sample space X , a label space Y, a class of models that map X to Y, and a large set U of unlabelled samples. The goal of the learner is to learn a model in the class with small target error while interactively querying the labels of as few of the unlabelled samples as Most theoretical work on active learning has focussed on the PAC or the agnostic PAC model, where a more general setting – maximum likelihood estimation (MLE), where Pr(Y | X) is described by a information matrix for any model ✓ ⇥ at any (x, y) depends only on x and ✓. This condition is satisfied in a number of widely applicable model classes, such as Linear Regression and Generalized Linear Models (GLMs), which in turn includes models for Multiclass Classification and Conditional Random Fields. Consequently, we can provide active learning algorithms for maximum likelihood label query by optimizing a class of summary statistics of the asymptotic covariance matrix of the Dept. of CS, University of California at San Diego. Email: Dept. of CS and of Statistics, University of Washington. Email: Microsoft Research New England. Email: Dept. of ECE, The University of Texas at Austin. Email:",UNKNOWN,United States,high,"The institution names include 'University of California at San Diego', 'University of Washington', 'Microsoft Research New England', and 'The University of Texas at Austin', all of which are located in the United States.",yes
NEURIPS-2015-A001027,Xiaoming Yuan,"Department of Mathematics Hong Kong Baptist University Kowloon Tong, Hong Kong",UNKNOWN,Hong Kong,high,The institution name explicitly mentions 'Hong Kong' in the location.,yes
NEURIPS-2015-A001043,Sohail Bahmani,"School of Electrical and Computer Engineering. Georgia Institute of Technology Atlanta, GA",UNKNOWN,United States,high,Georgia Institute of Technology is a well-known university located in the United States.,yes
NEURIPS-2015-A001044,Justin Romberg,"School of Electrical and Computer Engineering. Georgia Institute of Technology Atlanta, GA",UNKNOWN,United States,high,Georgia Institute of Technology is a well-known university located in the United States.,yes
NEURIPS-2015-A001055,Jiajun Wu,"BCS MIT, The Rockefeller University",UNKNOWN,United States,high,Both BCS MIT (likely referring to the MIT Brain and Cognitive Sciences department) and The Rockefeller University are well-known institutions located in the United States.,yes
NEURIPS-2015-A001056,Ilker Yildirim,"BCS MIT, The Rockefeller University",UNKNOWN,United States,high,Both BCS MIT (likely referring to the MIT Brain and Cognitive Sciences department) and The Rockefeller University are well-known institutions located in the United States.,yes
NEURIPS-2015-A001057,Joseph J. Lim,"BCS MIT, The Rockefeller University",UNKNOWN,United States,high,Both BCS MIT (likely referring to the MIT Brain and Cognitive Sciences department) and The Rockefeller University are well-known institutions located in the United States.,yes
NEURIPS-2015-A001058,Bill Freeman,"BCS MIT, The Rockefeller University",UNKNOWN,United States,high,Both BCS MIT (likely referring to the MIT Brain and Cognitive Sciences department) and The Rockefeller University are well-known institutions located in the United States.,yes
NEURIPS-2015-A001059,Josh Tenenbaum,"BCS MIT, The Rockefeller University",UNKNOWN,United States,high,Both BCS MIT (likely referring to the MIT Brain and Cognitive Sciences department) and The Rockefeller University are well-known institutions located in the United States.,yes
NEURIPS-2015-A001073,Lars Buesing,Gatsby Computational Neuroscience Unit University College London,UNKNOWN,United Kingdom,high,University College London is a well-known institution located in the United Kingdom.,yes
NEURIPS-2015-A001074,Maneesh Sahani,Gatsby Computational Neuroscience Unit University College London,UNKNOWN,United Kingdom,high,University College London is a well-known institution located in the United Kingdom.,yes
NEURIPS-2015-A001094,Alon Orlitsky,"long been the subject of extensive research, both by practitioners deriving practical estimators [",UNKNOWN,UNKNOWN,low,The institution string does not contain any identifiable institution or country-related information.,no
NEURIPS-2015-A001095,Ananda Theertha Suresh,"long been the subject of extensive research, both by practitioners deriving practical estimators [",UNKNOWN,UNKNOWN,low,The institution string does not contain any identifiable institution or country-related information.,no
NEURIPS-2015-A001096,Farzaneh Mirzazadeh,University of Alberta,UNKNOWN,Canada,high,The University of Alberta is a well-known institution located in Canada.,yes
NEURIPS-2015-A001097,Siamak Ravanbakhsh,University of Alberta,UNKNOWN,Canada,high,The University of Alberta is a well-known institution located in Canada.,yes
NEURIPS-2015-A001099,Dale Schuurmans,University of Alberta,UNKNOWN,Canada,high,The University of Alberta is a well-known institution located in Canada.,yes
NEURIPS-2015-A001098,Nan Ding,Google,UNKNOWN,United States,medium,"Google is a multinational corporation, but it was founded in the United States and is headquartered there.",no
NEURIPS-2015-A001125,Reshad Hosseini,"Laboratory for Information and Decision Systems Massachusetts Institute of Technology Cambridge, MA. Specifically, we advance Riemannian manifold optimization (on the manifold of positive definite matrices) as a potential replacement for Expectation Maximization (EM), which has been the de facto standard for decades. An out-of-the-box invocation of Riemannian optimization, however, fails spectacularly: it obtains the same solution as EM, but vastly slower. Building on intuition from geometric outperform it in many settings. To bring our ideas to fruition, we develop a welltuned Riemannian LBFGS method that proves superior to known competing methods (e.g., Riemannian conjugate gradient). We hope that our results encourage a Gaussian Mixture Models (GMMs) are a mainstay in a variety of areas, including machine learning Over the decades, other numerical approaches have also been considered [",UNKNOWN,United States,high,"The institution name includes 'Massachusetts Institute of Technology' and 'Cambridge, MA', which are well-known institutions and locations in the United States.",yes
NEURIPS-2015-A001126,Suvrit Sra,"Laboratory for Information and Decision Systems Massachusetts Institute of Technology Cambridge, MA. Specifically, we advance Riemannian manifold optimization (on the manifold of positive definite matrices) as a potential replacement for Expectation Maximization (EM), which has been the de facto standard for decades. An out-of-the-box invocation of Riemannian optimization, however, fails spectacularly: it obtains the same solution as EM, but vastly slower. Building on intuition from geometric outperform it in many settings. To bring our ideas to fruition, we develop a welltuned Riemannian LBFGS method that proves superior to known competing methods (e.g., Riemannian conjugate gradient). We hope that our results encourage a Gaussian Mixture Models (GMMs) are a mainstay in a variety of areas, including machine learning Over the decades, other numerical approaches have also been considered [",UNKNOWN,United States,high,"The institution name includes 'Massachusetts Institute of Technology' and 'Cambridge, MA', which are well-known institutions and locations in the United States.",yes
NEURIPS-2015-A001138,Kai Wei,"Department of Electrical Engineering, University of Washington",UNKNOWN,United States,high,The University of Washington is a well-known institution located in the United States.,yes
NEURIPS-2015-A001141,Wenruo Bai,"Department of Electrical Engineering, University of Washington",UNKNOWN,United States,high,The University of Washington is a well-known institution located in the United States.,yes
NEURIPS-2015-A001147,Djork-Arné Clevert,"Institute of Bioinformatics, Johannes Kepler University, Linz, Austria",UNKNOWN,Austria,high,The institution string explicitly mentions 'Austria' as the location.,yes
NEURIPS-2015-A001148,Andreas Mayr,"Institute of Bioinformatics, Johannes Kepler University, Linz, Austria",UNKNOWN,Austria,high,The institution string explicitly mentions 'Austria' as the location.,yes
NEURIPS-2015-A001149,Thomas Unterthiner,"Institute of Bioinformatics, Johannes Kepler University, Linz, Austria",UNKNOWN,Austria,high,The institution string explicitly mentions 'Austria' as the location.,yes
NEURIPS-2015-A001150,Sepp Hochreiter,"Institute of Bioinformatics, Johannes Kepler University, Linz, Austria",UNKNOWN,Austria,high,The institution string explicitly mentions 'Austria' as the location.,yes
NEURIPS-2015-A001171,Sheng Chen,"Dept. of Computer Science & Engg., University of Minnesota, Twin Cities",UNKNOWN,United States,high,"The University of Minnesota, Twin Cities is a well-known institution located in the United States.",yes
NEURIPS-2015-A001172,Arindam Banerjee,"Dept. of Computer Science & Engg., University of Minnesota, Twin Cities",UNKNOWN,United States,high,"The University of Minnesota, Twin Cities is a well-known institution located in the United States.",yes
NEURIPS-2015-A001197,Shuang Li,H. Milton Stewart School of Industrial and Systems Engineering Georgian Institute of Technology,UNKNOWN,United States,high,"The institution is explicitly named as the 'Georgia Institute of Technology', which is a well-known university located in the United States.",yes
NEURIPS-2015-A001198,Yao Xie,H. Milton Stewart School of Industrial and Systems Engineering Georgian Institute of Technology,UNKNOWN,United States,high,"The institution is explicitly named as the 'Georgia Institute of Technology', which is a well-known university located in the United States.",yes
NEURIPS-2015-A001203,Tengyu Ma,"Department of Computer Science, Princeton University",UNKNOWN,United States,high,Princeton University is a well-known institution located in the United States.,yes
NEURIPS-2015-A001204,Avi Wigderson,"School of Mathematics, Institute for Advanced Study",UNKNOWN,United States,high,"The Institute for Advanced Study is a well-known institution located in the United States, specifically in Princeton, New Jersey.",yes
NEURIPS-2015-A001217,Ross Goroshin,"Dept. of Computer Science, Courant Institute of Mathematical Science, New York, NY Facebook AI Research, New York, NY",UNKNOWN,United States,high,"The institution string includes locations such as New York, NY, which is in the United States.",yes
NEURIPS-2015-A001219,Yann LeCun,"Dept. of Computer Science, Courant Institute of Mathematical Science, New York, NY Facebook AI Research, New York, NY",UNKNOWN,United States,high,"The institution string includes locations such as New York, NY, which is in the United States.",yes
NEURIPS-2015-A001231,Vivien Seguy,"Graduate School of Informatics Kyoto University problem under the optimal transport (Wasserstein) geometry, using curves that that play a key role in Euclidean PCA, such as data centering or orthogonality of principal directions, find a natural equivalent in the optimal transport geometry, ideas is, however, computationally challenging. To achieve scalable algorithms Optimal transport distances (Villani, ), a.k.a Wasserstein or earth mover’s distances, define X is not just metric but also a Hilbert space, P (X ) is an infinite-dimensional Riemannian manifold propose more general and scalable algorithms to carry out Wasserstein principal geodesic analysis Principal Geodesics in P (X ) vs. Dimensionality Reduction on P (X ) We provide in Fig. a draw inspiration from PCA. As shown in Fig. , linear PCA cannot produce components that remain in P (X ). Even more advanced tools, such as those proposed by Hastie and Stuetzle ( ), fall slightly short of that goal. On the other hand, Wasserstein geodesic analysis yields geodesic",UNKNOWN,Japan,high,"The institution 'Graduate School of Informatics Kyoto University' clearly references Kyoto University, which is located in Japan.",yes
NEURIPS-2015-A001232,Marco Cuturi,"Graduate School of Informatics Kyoto University problem under the optimal transport (Wasserstein) geometry, using curves that that play a key role in Euclidean PCA, such as data centering or orthogonality of principal directions, find a natural equivalent in the optimal transport geometry, ideas is, however, computationally challenging. To achieve scalable algorithms Optimal transport distances (Villani, ), a.k.a Wasserstein or earth mover’s distances, define X is not just metric but also a Hilbert space, P (X ) is an infinite-dimensional Riemannian manifold propose more general and scalable algorithms to carry out Wasserstein principal geodesic analysis Principal Geodesics in P (X ) vs. Dimensionality Reduction on P (X ) We provide in Fig. a draw inspiration from PCA. As shown in Fig. , linear PCA cannot produce components that remain in P (X ). Even more advanced tools, such as those proposed by Hastie and Stuetzle ( ), fall slightly short of that goal. On the other hand, Wasserstein geodesic analysis yields geodesic",UNKNOWN,Japan,high,"The institution 'Graduate School of Informatics Kyoto University' clearly references Kyoto University, which is located in Japan.",yes
NEURIPS-2015-A001265,Meisam Razaviyayn,"Department of Electrical Engineering, Stanford University, Stanford, CA .",UNKNOWN,United States,high,"Stanford University is located in Stanford, CA, which is in the United States.",yes
NEURIPS-2015-A001266,Farzan Farnia,"Department of Electrical Engineering, Stanford University, Stanford, CA .",UNKNOWN,United States,high,"Stanford University is located in Stanford, CA, which is in the United States.",yes
NEURIPS-2015-A001267,David Tse,"Department of Electrical Engineering, Stanford University, Stanford, CA .",UNKNOWN,United States,high,"Stanford University is located in Stanford, CA, which is in the United States.",yes
NEURIPS-2015-A001269,Edo Collins,"Laboratory for Information and Inference Systems (LIONS), EPFL",UNKNOWN,Switzerland,high,EPFL (École Polytechnique Fédérale de Lausanne) is a well-known institution located in Switzerland.,yes
NEURIPS-2015-A001270,Ya-Ping Hsieh,"Laboratory for Information and Inference Systems (LIONS), EPFL",UNKNOWN,Switzerland,high,EPFL (École Polytechnique Fédérale de Lausanne) is a well-known institution located in Switzerland.,yes
NEURIPS-2015-A001272,Volkan Cevher,"Laboratory for Information and Inference Systems (LIONS), EPFL",UNKNOWN,Switzerland,high,EPFL (École Polytechnique Fédérale de Lausanne) is a well-known institution located in Switzerland.,yes
NEURIPS-2015-A001282,Sanjiv Kumar,Google Research,UNKNOWN,United States,medium,"Google Research is primarily associated with the United States, though it may have branches in other countries.",no
NEURIPS-2015-A001286,David K. Duvenaud,Harvard University,UNKNOWN,United States,high,Harvard University is a well-known institution located in the United States.,yes
NEURIPS-2015-A001287,Dougal Maclaurin,Harvard University,UNKNOWN,United States,high,Harvard University is a well-known institution located in the United States.,yes
NEURIPS-2015-A001288,Jorge Iparraguirre,Harvard University,UNKNOWN,United States,high,Harvard University is a well-known institution located in the United States.,yes
NEURIPS-2015-A001289,Rafael Bombarell,Harvard University,UNKNOWN,United States,high,Harvard University is a well-known institution located in the United States.,yes
NEURIPS-2015-A001290,Timothy Hirzel,Harvard University,UNKNOWN,United States,high,Harvard University is a well-known institution located in the United States.,yes
NEURIPS-2015-A001291,Alan Aspuru-Guzik,Harvard University,UNKNOWN,United States,high,Harvard University is a well-known institution located in the United States.,yes
NEURIPS-2015-A001292,Ryan P. Adams,Harvard University,UNKNOWN,United States,high,Harvard University is a well-known institution located in the United States.,yes
NEURIPS-2015-A001293,Wei Ping,"Computer Science, Dartmouth College",UNKNOWN,United States,high,Dartmouth College is a well-known institution located in the United States.,yes
NEURIPS-2015-A001294,Qiang Liu,"Computer Science, Dartmouth College",UNKNOWN,United States,high,Dartmouth College is a well-known institution located in the United States.,yes
NEURIPS-2015-A001295,Alex Ihler,"Computer Science, Dartmouth College",UNKNOWN,United States,high,Dartmouth College is a well-known institution located in the United States.,yes
NEURIPS-2015-A001296,Sebastian Bitzer,"Department of Psychology, Technische Universität Dresden",UNKNOWN,Germany,high,"Technische Universität Dresden is a well-known university located in Dresden, Germany.",yes
NEURIPS-2015-A001298,Haoyuan Gao,Baidu Research,UNKNOWN,China,high,"Baidu is a well-known Chinese technology company, and Baidu Research is its research division.",yes
NEURIPS-2015-A001300,Jie Zhou,Baidu Research,UNKNOWN,China,high,"Baidu is a well-known Chinese technology company, and Baidu Research is its research division.",yes
NEURIPS-2015-A001301,Zhiheng Huang,Baidu Research,UNKNOWN,China,high,"Baidu is a well-known Chinese technology company, and Baidu Research is its research division.",yes
NEURIPS-2015-A001302,Lei Wang,Baidu Research,UNKNOWN,China,high,"Baidu is a well-known Chinese technology company, and Baidu Research is its research division.",yes
NEURIPS-2015-A001303,Wei Xu,Baidu Research,UNKNOWN,China,high,"Baidu is a well-known Chinese technology company, and Baidu Research is its research division.",yes
